0x461D3B7FDD714645944856b1894664505EAAd352,3059.99
0x00474741e0AA6F69943EE8f2FF4D08587395C22c,3059.99
0x00884d029c1fdF5D9887e254d2Ea84dfBc6A7152,3059.99
0x00Dbb9eb692dBDf8F28410597dF39101f4167E2c,3059.99
0x00F9C5776f4D4B9De0972161089165313f9b3438,3059.99
0x01524aBA22228BCC504cDcaBC1A2835798c02c36,3059.99
0x015956DddF8aD52bfa9bBEcb6ff6a2b55fE0c8Df,3059.99
0x0171Ef016235DE2a5ED3676a10B65480e84BE4cE,3059.99
0x017430F0df1c17795B244eBac23f6f5046bD83D2,3059.99
0x017457D227149f793423AC11f118B5e07B09F3e7,3059.99
0x01AF3231417C138D30024b81a1F13E35C7004333,3059.99
0x01cDAcF8E27C12EBD74B8f816f24D938FeD9550f,3059.99
0x02174099b05406C3a8aCbFf1738c2ea39511F8A3,3059.99
0x022D8ac32f3bA8172ac40d267C85cDCc125a5Bb9,3059.99
0x025042D4029623B4091D47E936C480fC8c9688a1,3059.99
0x027e403C751AC9F9993A4bDD9512e27157f3D84c,3059.99
0x02aE2e3703ff6ef9A8aD1E17Dc5bEe4D1D25db54,3059.99
0x0308E7b01c1Eab213AC88C5e14C6C33a22634812,3059.99
0x032FC5606633B62f5AcBD939b0D6e267b096492c,3059.99
0x03e69053f0c8923506225C36e18A732f8d9440c0,3059.99
0x04019E76ABFb2075115b33467F42Aa72586bB405,3059.99
0x0431e95C69A60dA40222DA6813f4519DDf6Bc7B7,3059.99
0x0436061c2d62a821141861f7fe77d0e3350EAeF4,3059.99
0x0468de177c1e28b4dbb10ad608d653aeee4cb14b,3059.99
0x0485158a393e745d5353a64Cb6D5Fcd616F6cf6A,3059.99
0x04Dd3797aa7488580390206603789740709894e0,3059.99
0x05727F8A79f22Cad4481531Affb05603C63417B8,3059.99
0x05a22c2ac0EbaC65575E201fb34Ae14359B91E06,3059.99
0x05be421368d776a8311960eb66c3b149b80e2248,3059.99
0x05Cbf52A83D19a2d5Ea57f984a153A27ed7De6B9,3059.99
0x05d031bf6a399794bee59d615cb604ab93a6ee42,3059.99
0x05E3784E73c2cdEf2E7Ee3AcF8B0d0a735608674,3059.99
0x05F72F3040d48d74A07466f23f2E39863ed942c9,3059.99
0x062b55191cF823b08f952F55B83582f103837c9F,3059.99
0x066f611713Fc7144f995E6FE93C556BFed0Ac23A,3059.99
0x06D4BCe8e03719683a5027d770acB6D12992C279,3059.99
0x07708160049547e33646cC2C7b7b9DD40774b919,3059.99
0x0779c293D66FC794D85436042518db794660F218,3059.99
0x07854877f8A6ea542A29a963bF040CCF63d3a893,3059.99
0x07aCcB9eE1e6C642B54674C4b266A359B49cAD64,3059.99
0x0807850A4ba35Cd03d2f855Aa192a60F672989B6,3059.99
0x086db6fc3dc61ba737263cd14515e0f90e49be43,3059.99
0x0871E61648e6deBA839a5E37bA44DE51112d4444,3059.99
0x087464c2d3Dc3A5Cad859fBFca2182007a7b82DE,3059.99
0x08a207CF06e49390cbDB2dAE79E03967EFdf41A4,3059.99
0x08d8bf46da740298d0a0e43e19281f8db1c83b10,3059.99
0x08e9daaE1d5aCc897d79eC8d5b4fB2E159f37712,3059.99
0x090Cfd86E41A54Ec2D1B217F89c7d96d187d8DCc,3059.99
0x0913FfFbC33D8BFf0dd5aC994F874f03ccb2532a,3059.99
0x093F1DeaC09016bd47312026D88cEa8B649F298a,3059.99
0x0985337508EB19Bf0a1F4C0654239c1C1adFcCc7,3059.99
0x09906B8F03eA2Cb25a6C81C237C45F62007D3448,3059.99
0x0995A5e80aB4b31D7Bc35EdC4ce6a6B371Acbf96,3059.99
0x09Dd04AdF8413B31B63D44453EdFB0A5F9887F17,3059.99
0x09EBd1Ca6A24AEF49365f574423419b4DA4D5DcC,3059.99
0x0A01a89E62DeE04C17Da9f593331f75FAA55A0A7,3059.99
0x0A3Ce87Df4A8D5feA5790d99C5635Ef467Ba1d12,3059.99
0x0a4A3fABaf53A0786Ec65E95E607323A93457A3e,3059.99
0x0A5C158f2C60802FFD53dE8fE834DED41d40110c,3059.99
0x0a7839F93E7d522eD9d42b22a06a8b83aa411669,3059.99
0x0A7bB16Bf1bAe2a7BA893Fa11d8b9108C5391f5E,3059.99
0x0A9bc691e901FD7963E4cb82ecbEB82463ca2049,3059.99
0x0AC98E3C9Baadb0c07b1fE51E6F19c50e51Bc39A,3059.99
0x0aFa854939e4d05E83EF027047b4d96bB05d2281,3059.99
0x0B07409166B7e385eAa0Ced9b18Bd5B0e66A1157,3059.99
0x0b0d265faCBC7dc47C623044EF8083AEb1266D1d,3059.99
0x0B1908dc35339283b175700bD217fcdb685cd491,3059.99
0x0B2B581E74EE24C0cFe782Ae65aFD0d10aa02036,3059.99
0x0B8989B7A9338Cf1dc58eeffD1f1608b6E6c322F,3059.99
0x0B8c69F77A80B825f81B4E7C29A83999A59ab806,3059.99
0x0bdf2D4837a404B18C3a7812D54C56820BcF63Bb,3059.99
0x0c0E441Efe1d73741A1f269639F100eb6C311771,3059.99
0x0c14f630e1Fb04D1E9d5ceEc8874b0eA495F2EA5,3059.99
0x0c37cF737340F56EE46FbBEcdC3FC417359dA108,3059.99
0x0C694842CD36B05B35890496061A2f6b711A5409,3059.99
0x0cc1C8894e81dBe503d13b200ab67de3ef6Ba7a6,3059.99
0x0D5fc3c5239a5AF4Eb5675cc9877e9f0c4225C19,3059.99
0x0d8270aE15d00B95a3aB52a6BC80A6a7f93fEe89,3059.99
0x0Dc8f1d9DDFa5e758Ad090be6A2aaEF0b55F0135,3059.99
0x0e19D75C3090A8EE29Fa418A66BeD98bb1AB5710,3059.99
0x0e1B517F279F71045685609CA770e6E43Ea504B5,3059.99
0x0E33cD2d7E9CE6271001DF311f926711D4911224,3059.99
0x0E3462a2AAaDdf457e14db9acC2E7c55C78814f0,3059.99
0x0e357a05e74008580fc058c0541f50578B3927dF,3059.99
0x0Eb1B3408dD5c197ce210A409563B1546B0dAB5A,3059.99
0x0EeaB9577a90EcD8f44392CE57425add2Dc73A7C,3059.99
0x0F17226982f5ee2dE4f03c7C97fF29D2a35Fb296,3059.99
0x0f3Dc84B2Cb5283DfBED65eF1BC8F1c118DbF9b2,3059.99
0x0f63a55e3625189089026831dE6Aa6A1E136B198,3059.99
0x0f8D51bc487521b4a968Fcc17d523a82B5E44904,3059.99
0x0FB3c5daf035E3b921bE7f22Ed80f65AB0342978,3059.99
0x0fDE38b77E98CE496EF2cA82198d6Fb50d813ed1,3059.99
0x0fEf7132AE931bA99386966f49c4221211A98553,3059.99
0x106b839fcd9d5eAF1a7540428Df948970bce1ef0,3059.99
0x108717e866Ae419794bcd2f8F1Cd3F332e16fB98,3059.99
0x10bb24638D935D17CB3a38e2A4388A62c7FD867E,3059.99
0x10C8b2fFAe8Dc414003EC4320419d5a676FaDF9c,3059.99
0x1101aE4505f9a9D63c6C2EB502b6bEfB688DB698,3059.99
0x11435a3862631a745201369A7E4101137586bd83,3059.99
0x11700e759Dc4C94BC55D6EcC5F0f0aB5ef01F2a2,3059.99
0x11B2860Cc35BEd475B01f0A1FCC2B6a999543073,3059.99
0x11b9dd6d3129eb740011b1a948adcbcb67758a10,3059.99
0x11c1cd8bbb9ae3541045c0fd54e3bb2658fc4123,3059.99
0x11dDB6Cbf950A3E086e8d2C146e7270C204c65F4,3059.99
0x127287790e6edC8B84C48a5CBbda99500D0E9436,3059.99
0x128e8e0a54916160cEb0558090E587d74520A579,3059.99
0x12F5BE5EAfd50E74777C7eCc0002ab5e10047c12,3059.99
0x1306cF074Aaf6E37FF16705919DCCE2616a36ddE,3059.99
0x1358Cc80D7566529Ec7b8468A3aCDd0EAba3014c,3059.99
0x1363EeefbEFEC40aE4658ababfF398aAE1a74692,3059.99
0x13Da5de1367D25bD064Eb0D0969a179A353EA2f7,3059.99
0x13e7021394ee6709DA695A4Ae5E1c0b1DBA2072E,3059.99
0x13FE9383e413557aA06955C4930cF63Da02C5494,3059.99
0x145B0e441D07E6c80947f990ADD59e6592Da3555,3059.99
0x1499D118Ef3FAc3ee12853022b7Faa69085FcC59,3059.99
0x14De6B01B78C2888752DF476fB2E984F16adF194,3059.99
0x14ecbA0E84367D733BA042BC1283709575Ecd79d,3059.99
0x1513228E531816d8136de3625fE61A3811417B39,3059.99
0x151da09dc286c72314b97b50fdfdf75fc1af62c3,3059.99
0x1529FC5961281730A22C72d16d41Fd4DDA1A61eb,3059.99
0x155D590Bcb1458A8890F3f2cc049382C4ED07502,3059.99
0x157a1f7Eab8C689895C0207c301F51fa874c2222,3059.99
0x15C4C52b884BA861CC35da0d9085326217d7567f,3059.99
0x160632180d3E32bF7cC964E499711C079760F191,3059.99
0x16145dfDEF712d443f070bbe0b7c45dB5f011033,3059.99
0x1614Bc2d781d9b7642D655Fc6D4cb6BC4825bfFb,3059.99
0x168B4Fe5A57E9487AaDCeF5Fe16F202DBde43dDA,3059.99
0x16ab0E96d1475Ade53882A5eA96D90089848AC6c,3059.99
0x16B806e0D3210F262Bc976ec3EaB5F093a6BB512,3059.99
0x16e1211e1C4BFbBb4Bf79A500Ed848350F8F3fF0,3059.99
0x1730F30a23C81a5BD9419d8423f27Ed0e08fDFd4,3059.99
0x1736A262aceB68ff247608fDD2da4b2a0Fb3526A,3059.99
0x1782bC491fe99405975665Af09a98412FE8ab45C,3059.99
0x180371861792e1003413b4226B6Cdb2Bc9e22f99,3059.99
0x181f37D3F3E7Fd139a145b5472a7f4a355CC26f1,3059.99
0x183ea8F633EC8226FA72cDB7B85f7661aE816843,3059.99
0x184Ad875F83bb492a04F046944E9De11ff960c22,3059.99
0x18506053a4346ed78a72C94b8e5FBe3a35C75dC0,3059.99
0x18e8fe6F716e298BF9EBBfAd53b7eC208abE84C9,3059.99
0x18e9664A094D8d134bb3bae84119305aFE308ECE,3059.99
0x191A646a4Cc3C3aDDbf2164FDa517351A9F90B47,3059.99
0x19319dA4D166b4cD5DA8102D117BE89a9BDA18FC,3059.99
0x193EE1E308E5a3F12AAb868C711B95234c368D35,3059.99
0x19e9f5775dd5D0716Ba6Ac1451A5b289648DC8D7,3059.99
0x19F42320C1d6190b1D33e379772C218a7EDf11CA,3059.99
0x1aD3eA3C2f975776A20aA9EaEae119a6EDc6464F,3059.99
0x1ad4132E5468861CC1CBa2Fa59d7F62F50505e96,3059.99
0x1AE0214dDf9C73FefaAc746A22DCb11F16370326,3059.99
0x1AFEe94056989528Ed344Ab856E22FB20ED407F7,3059.99
0x1B535a7306BD9229Bd76D6ad08e3a812B1a6BaB8,3059.99
0x1b94c5d5a2d49b2ac10554449501004ccfab3ca2,3059.99
0x1ba809cD869AA31B45e98fe4497359809ccf30e6,3059.99
0x1BC480928419309CF340bcb8B6C40ad33abBe5f7,3059.99
0x1Bd5be48316a142Aec78B9Eb42eaE92D786B2D2F,3059.99
0x1BDA44C6fDEeD03C533ce350D6AB3815b1a074EA,3059.99
0x1BdAfd97a0bD6AE3274722763C84de6d4e350Ab9,3059.99
0x1C49754a8FD072eA1ED7520A7Fb07d07E4DB8d18,3059.99
0x1c697E2da0C5Bed73A0F47418815bE2a146C14c8,3059.99
0x1c77f79B9aDB114210e7B593B0671Abc71429026,3059.99
0x1C81094ba527AD7bc4b8E12A5CdCc2f48Bf8F1e8,3059.99
0x1C9A6091Fb14939A81ab26379f226Acc49988A2e,3059.99
0x1CBA9b3bAF8E15BE3bB996B593F5b769E5e1e99a,3059.99
0x1cBD8Ee2c9105B2a8a4d99001e9dd238Ab64A851,3059.99
0x1Cd725482C48f85325f57CE9fCbc3997deC83c92,3059.99
0x1d611664bAaC3970673E3AE8ee9c6C3e77F48FE6,3059.99
0x1d84760C5822ce7Aa91A09F2F612486F147D14c2,3059.99
0x1Dd80c010795062cEb5C5fFc2797e0420d858772,3059.99
0x1e1DEE6817e16B6557F0A0cB7f5Fa2E6555B4267,3059.99
0x1E28f544A3a48f524f0F0e1FC2A287eb58Bdb3C7,3059.99
0x1e2D65615ba93Ae994402c94Acf99a9033AbBd5B,3059.99
0x1EecF2854c5d65198D74dCAe9a294d3A5b1100d2,3059.99
0x1f36DF3A34441e22449bCb7dCfC55B1946E9a09D,3059.99
0x1f6dC1e1807570899156F551620d579d1ae14C4b,3059.99
0x1Ff8Cb7dB4426ee19B2241dd101283BfD8ed4211,3059.99
0x2017AB919fc04CD767aF63D3E6e746c73A8F3Ad1,3059.99
0x20326EB316Afd6FAf15b07793adf6F1f5e46571B,3059.99
0x20530c992ad452E50165892758eFcF00C7b64f97,3059.99
0x207c13e81EcA2C0181374319E591Fe0CD4dfd423,3059.99
0x209db5D4611051A786a4d7219a280B6f488a8785,3059.99
0x20d238df4FdfDA52f6B7b09Ce4113C3E3Fabe76c,3059.99
0x20d7c6bD21CE96c67e075b38Cbe4aDC8928f59D9,3059.99
0x2101873cc4226D9872D5A530F52D6E14eA209d88,3059.99
0x216b468E0C23fC8901eeD39CbEbD5e6D6d7152ba,3059.99
0x218823d5003f8acb010fD549890062A85C76f812,3059.99
0x21B55C1D003496da32aADB26dBA8A2bd4F056fA9,3059.99
0x221982a141B0cD87F0AC79c5438dB3229CcFebE9,3059.99
0x22276a4c37b16c1cda32f9282f403aef263b28f7,3059.99
0x223af8993c86d1742844Bf3031C200A08D7939e2,3059.99
0x226031d7cDdFC1b3737064e0a0B4202ef5de693D,3059.99
0x22656f47d35CA5E03D1513EA6D09863c9f39d7b8,3059.99
0x22848fa1c0Fb1637430584b79688Ac4b53650eCb,3059.99
0x229770cc0b742d692553f9a37730bbdbaae53de2,3059.99
0x22b85489775EdA3283d9FC6ce49cC9C8a19a222E,3059.99
0x22c71b9B917f4c2408ceDa1fF045C0B35CB894fE,3059.99
0x236e39b43bccd2dd4d020b946f8f574bf853dc6d,3059.99
0x23d132d204958b699D77dbeBFC5E9010ea939bF0,3059.99
0x243F2Ae51c909A41B637F9B5a42f4538396DacE6,3059.99
0x2479472E4a8E6fA3994cA4378A03301b4B9F6b90,3059.99
0x24995fD08a8899319B5E9880471Ea10cF17bc4Df,3059.99
0x24c1b10bAEfEed874c4A97052F33872CB7DBD0cA,3059.99
0x24d5e95f6762a000b91a16e7fd8791947ea01dd1,3059.99
0x253D0a5E18DC8C621B712900d2a5B2B71c2C24d4,3059.99
0x253e7D73526289A4f3246De8ADaEEf94D9291EA3,3059.99
0x25725D48fd488D4138B5e0A26F9A9E7D475d7b56,3059.99
0x259930dFEC1E17208Ff675b958A0d6111320461b,3059.99
0x25a764C6F7eB1c95d400d30c2a2490F6c2c385E1,3059.99
0x261583ca773d8ca2ECf59d626f8Aad3935882044,3059.99
0x265ffE2C4A2D44299306FFaeDe0CB03EBf9015dB,3059.99
0x26eFC3815a67d0f894a6D6f883d736104B5ED6A7,3059.99
0x270cE7eB11Ad1bbd60180E510da9D028352dB6b0,3059.99
0x27a11C98d73ac25FeF01c2B0b7a338C5eE0E30Eb,3059.99
0x27c4FadbfF31302772AbaC2384B52ea80feF0189,3059.99
0x27cAc1bB3E90c168542FB877142952A645Ca4Ac0,3059.99
0x27f017Ec13241cb4142a2631e8d697CAFC2e6bb6,3059.99
0x28386955a061F90c89EBD9f186Ebc1270f2cF9f0,3059.99
0x28C1cDa3d422930c6083C50C28d6e506E994Fa36,3059.99
0x28c9eC85B228D071a768264C76Bd30d1b4ecEc92,3059.99
0x28fe5e4a057670a681f96fc89e8afa11511c8b60,3059.99
0x29029b71372278E352996e57cbc399A87Da0f9fd,3059.99
0x29141EFaC3e9bF2eFBE81ccCa445680376Da1234,3059.99
0x298AFed99ceF993eF5F5915A76f363120f1E8307,3059.99
0x29B9e3028044e3302538a9880B83ba608555AD73,3059.99
0x2A0FFCC963342C3a0F97aBB155A882adfbA513A0,3059.99
0x2A909D454E49fBc845eC914C884f4388B6dBb06e,3059.99
0x2AC38298731CAFdD9d971DFF9f42CD5b0d57f5D3,3059.99
0x2aCd918614488297C0308316B99CA062bF40a02B,3059.99
0x2AcF6e138D67F528B17f278E59018d562679d1d5,3059.99
0x2Ad3dd4F2c362C518357B9c7a5C3B80A30a134f7,3059.99
0x2aECe095E0b8bdE26e82De7dA5691Baf200d8F1b,3059.99
0x2b1D5ABF3bcE3237e89807749ec2F9d406F4A966,3059.99
0x2b357793be9f4c924F16fd3EB070E00fBCfB6Fab,3059.99
0x2b53a6CF1Cbda94f09d8EaBffD61858A3b864E3C,3059.99
0x2b78b434b1efd3b14813b9718068f2dfa6e0b148,3059.99
0x2B8520A829B8df84329dE3cb01633C3d5BFCA9E3,3059.99
0x2BEB8d23817062b450005192475013748829018b,3059.99
0x2bEBCC4F71607f8Af22744AE4BD3E2e6Be9c2fa0,3059.99
0x2C17100548aDD626738E3227533b0A4E2410701d,3059.99
0x2C44d59815326cb783B9f437bA86408D27b2b31f,3059.99
0x2C5549B014C9a0e2409f5b05d3D6326c09170816,3059.99
0x2C61DFf65DEfbCE7c2Cd6F5d491b334cc76B9f25,3059.99
0x2c7a0D5B3561B2BbA46469b09E605981044325A7,3059.99
0x2c7DB6af21b6Cf1BF63b6d79dBC52C5Fa2DC043e,3059.99
0x2d09656a25942727F7B7CfE00b671fC1c0A5040E,3059.99
0x2D244f32F1Df779271f920EBFd54B8D9b9a2BF4B,3059.99
0x2D3444B1eDe0Aa9db9e0810810C45d367910F725,3059.99
0x2D5FE7760C400328577E01B9982A2BebE825550B,3059.99
0x2d834473b6bFA1C9cA373370Ac58058295023940,3059.99
0x2Db4625A9eCe077CB432D1A84b85b03c15721BE6,3059.99
0x2de98eb49630af49e9b78ae6a21a86baa84c48a7,3059.99
0x2deB820C87450A79b9148f586740d8c724292552,3059.99
0x2DF3829B35E3ef4549E34f38fAc08FFE6dCF0594,3059.99
0x2dF61E1CEF99ae1b8Af7471357c846C5E2e623eD,3059.99
0x2e2c74d95B49c1175C74EB90f5c804a75Ee58Bda,3059.99
0x2E5392F3d727a5c0e5A2E4A3530C2254DBCE205D,3059.99
0x2e55842296EF1be70576b5E4CD507D1aB9D345eC,3059.99
0x2EB760187B952A2023614308Af7617EC1eD1EeC0,3059.99
0x2Ebb646E63274F16Bd9FDfD26EA296C904ed3b14,3059.99
0x2efEe0524468A9f038E23BF36457E0F5BE2cb4D2,3059.99
0x2fd2ECB380B90972bbD5Ac9a515cA5e13A8ea3A3,3059.99
0x300dc60a6C5C9dD8c1AeEb6DD6098ee37388420a,3059.99
0x300F55881248D677CCA019B309B288c1B1C3f4E6,3059.99
0x3027f366Af4bBB3F65176AE8d29D76D091dacEc5,3059.99
0x30344efD8F917a678CF48395f26e6219fF6Bb1f1,3059.99
0x309a41fcf62a34493b4f0906b1f8f94b504fcce6,3059.99
0x30c05b9066113696B2f6194e067A21d0A77108E9,3059.99
0x30C1fd89217Ddb02Ee8547c419eDcB6042404Bd1,3059.99
0x31119205474E1EAe547c48710F9ef71624eB34f2,3059.99
0x315f8FcD082A7f46467308F72301246D42C0253E,3059.99
0x316A968E6d21Bbf344b33B4AD1496A69fA99F622,3059.99
0x319171d3ede0c353613002fac16d07eaa858df8e,3059.99
0x31a7a61B30ee635374C58DD62EeEa766793A13C8,3059.99
0x31b51D1210E1f033417E3187E40b2B1084c9dc79,3059.99
0x31E69DBD391C66D8764BD915DB8c1D0DD9B2D359,3059.99
0x320cc4e2582cc810fed8585bdb0a0892e6c3b665,3059.99
0x328F41e0A917DcB38ed605B1767a9C8aC8fc519d,3059.99
0x329c046D956c6Ab20E520a3FEB5c195c98dE7037,3059.99
0x32Cee15D7b77f25b2D51699297da94de828AE537,3059.99
0x3367c3F68483b57566F2825716756BfdB1fA3779,3059.99
0x33e619431c3bD6301DE8D18c47211F46CF69183c,3059.99
0x342F461396B76240e8Dd39B3431B68a72e7d93E3,3059.99
0x3437FA5087d24876Ca1970a67c24877aCdD2E875,3059.99
0x350C0043C1d8484DB43700B384c55BBcdc0Feaa4,3059.99
0x350F02Eccc6AD485C66c625138c4C5E72DD40C2b,3059.99
0x351C23FcF2fB8D5e75dbd284aF9191a61Bc7f919,3059.99
0x35f0A43D8d9FBA30C8295217897A31322a75e00E,3059.99
0x3637d472C0f0F06695B375D016820FcaAb602eEe,3059.99
0x365DFb72f5caaA7fdb11210250C782C17960B024,3059.99
0x3663F3C5767E414CB2DD02F929Fa499AD2F1dFF1,3059.99
0x36aF3Bd1e7cd55dbEc5b773a5A546a1490D87A90,3059.99
0x370ad7De76e30443edF985F95Fa55DFf2563CB61,3059.99
0x3735AbD1DB81fbF86a7385D91A1558180201FC1a,3059.99
0x377542A7Fe310cE45DF159404aDC3bFcA597363E,3059.99
0x37cF1bB49223e111CC941eab6da76200fe9977b6,3059.99
0x37DdCF028261b077E00099E0884c644CD897a2B1,3059.99
0x383176fD45926BB44BDb7e50a518592982B39088,3059.99
0x383B0Fd6d3e4e6b516761A8EE0fE74C50d58cd81,3059.99
0x3861fA2aA3e19c82D379896F2ea9311Bb44588a6,3059.99
0x386caC0C55a08A238DFbEbdF00CAd6fCD656Bf7b,3059.99
0x38b2c7674f3b36cfe5f2b06dc1ab25b392282d18,3059.99
0x38Bb6f4FC9511164F0EA3d3FB7E2c1dCaF44EAA1,3059.99
0x38d5f3E12F1FEf2265b118738cf3E40B11D1ec87,3059.99
0x38D64C8dF138fFDbDE5CbacC98A522626FAFdb4F,3059.99
0x390F748c8d02764E00Ca62a1AD7e783f86a701bA,3059.99
0x39613eB85964809177868E42ac672508Cf003Cdf,3059.99
0x399C52a34cC2D9D0A8Fd190CbAe5E4cFA13d8192,3059.99
0x39A8D8B7B06058Fedc96b683a7D47ffFB28CB70d,3059.99
0x39B753c81C54f7bCEDAf03FF5512Ad4239179585,3059.99
0x39f24518A1b55e5c32C4ed24c777D4F9e185Bc71,3059.99
0x3A2118f1CD828075a938dc41E68B74583D0F42b5,3059.99
0x3a31Ff68df8DdbbBe38E6DdcfD239eaE5dBC54f2,3059.99
0x3a3eB954276bCD4FA62748B732814D5AB6A26a4b,3059.99
0x3A519C06543a6f100f31e10cb4bE6d773D69DacF,3059.99
0x3A8522a3017d1Fb208eB691FbE8e539D4D6dcd08,3059.99
0x3AB4C0fE5816BE7EFe0263D4D4a0Ef36723ECE87,3059.99
0x3AB69831Dd33620B5a871297D6AE88FCc2e2e690,3059.99
0x3ab909d70b6FF767fa3EDE21D6C26db7A0BFda9f,3059.99
0x3ac7c5721e12267338bfc21b81FcE9F9cF03aFaC,3059.99
0x3b36E4F506638dD8f649Ad0E72d43B30816Fb74a,3059.99
0x3b45871Fa6f856924Dbf0B120d6c4B98cB71357F,3059.99
0x3B60d1d0c5160E171ebF3b67b30E03276c159dbA,3059.99
0x3b78637E124f302cA73257Ea6bABC705ac0208dc,3059.99
0x3bB3C3186d4fE7508907300eE0b8287f03127b93,3059.99
0x3Bc6D2F5fC3e42ADC952450483eA9186F76c1BA1,3059.99
0x3bcB7300fc9135611391cC808AC450D6f43543B2,3059.99
0x3C62557683D9688c827fFCA9D1d4b14A0c4073a3,3059.99
0x3C9A700b10ac823bf67AE97dBF9C0035854ff4D0,3059.99
0x3Cd36b91dE1a26fA3492aF85895E013969C9989c,3059.99
0x3CdA966d553942C1b6EFF32cF13D67819509aDc5,3059.99
0x3Cf82736bC249479279F5Dd134EB83e52481f18e,3059.99
0x3d1A822c893d992fDd31232D215b440A5A5801c8,3059.99
0x3d2113372C25aC5F45E94de0cb3784D210198928,3059.99
0x3D9219927e884925666EDEaaAB8b3e8A7Fe7aCe1,3059.99
0x3DC831B5a11F241347176d6BA8178244F0697414,3059.99
0x3df8fB92AA905D3487695F032917bc74fdDd30ef,3059.99
0x3e4b12aa8a6ba97da2baa946e9ad41ae699cb498,3059.99
0x3e556322b1CDB46a4b638b58abeC36986c5a54a8,3059.99
0x3e884BF5d1F65080d8C5F9f5CA21Af92a1f48d7e,3059.99
0x3eB7Cd09BAbB8c2236dd3663563467B4BA6f8B9c,3059.99
0x3eF18B6a6F2c9a042d752f72F05E39d303FFc494,3059.99
0x3f04aE783278C37362F6512868b3Ad60070BA915,3059.99
0x3F1C7853dBb4C966806d826E1E70D2F198a3F375,3059.99
0x3f8F0122AB363FabB78026d79DdC88ED08826C7E,3059.99
0x3F9cA528183246F388a116419f159773eAa1d0c6,3059.99
0x3fc5c4E310827a9414458316D72b1cBAec7d4162,3059.99
0x4024c5268359f091F57B735889fCbB4d930944Dc,3059.99
0x405BF73F7Ee055A50Ea968373147AF3B27288726,3059.99
0x408253dB0f7B939880f73dfB439b9855913F89e6,3059.99
0x4093aCD89A82c6339101D203081Bcae2302FD72A,3059.99
0x40deeF57B1b9f11D302f929C352c4371BC3FeA33,3059.99
0x4103B949F1dF6A973547bB449a2466e8380f278a,3059.99
0x411d7952b05508224B255a53115Fd7E76f21766e,3059.99
0x41469c2101b2584dab321867CD9A28e6d125022d,3059.99
0x41Df9433f58659c1A231f3909df940B5D52eA3DF,3059.99
0x41e11882060F5f4e30C7C6C06Db7F70bc6297263,3059.99
0x41f204714d99f6a059083D5AdE62eBD999FF1465,3059.99
0x41F48C1b62ddE6B9666a762DA51A9694d56F4926,3059.99
0x422527527832c8Ab7481A597bc06F59f295302FF,3059.99
0x42517Ed067E74f1dFB222AC0C88Cd2616057F897,3059.99
0x42D536492cB4ac183629D87b4514c0a81BA3190f,3059.99
0x43886caFA0aD37c5F0bC27687D7802027169c8Dd,3059.99
0x43906c4c618C16fAB7519C89e4Ce74482FC1d170,3059.99
0x43d95091bf66863D4e2fC0418B07d148eC75E886,3059.99
0x4436470C39cF63CEd3D3Eaa6A37115520A032674,3059.99
0x44627061Ae9b5b62c413D56736885653F97566f9,3059.99
0x446dcDA1db86E523310118A72e2A342363207501,3059.99
0x44756612d4e7fdFdAfB1D79B7e309ED024174822,3059.99
0x44a9566CCc114A63d4Dcd8324388c32a3FA39A00,3059.99
0x44B5d9f74E8Ee934d4800858138b5A22acA5DB95,3059.99
0x44be882BA30F1f2771d855641d172edf099E0416,3059.99
0x450fd0a074c1B0C03560a1dd601124B8930fd68d,3059.99
0x4521C2e07c5da0CCcC00094ba70B2060CA395922,3059.99
0x45bf9ab1F81Eee7992999B0A0C2f064de90a502a,3059.99
0x45f76627632b615a3399aFD3C277967E9b6cbF43,3059.99
0x462384757830D98BA87F909e7dBa0BD1aF870bE3,3059.99
0x463445dED2fEf9E6D4fb4814AE5FF9F9B332858b,3059.99
0x4643999e357070F9d8deCc975d12a67FbE68FC76,3059.99
0x46514b2C0fd1A3B78948d11C28731ED6A6d1d836,3059.99
0x465d22D60FC559442298F07B36F638Fd847BfE2e,3059.99
0x4678aB1a124F6B91403E89302c04a1BF7735AEeA,3059.99
0x470195fF31D0FA8f86070bEfB84B6B5Dc413255A,3059.99
0x4702FC6F48026f06Dc4dE80aAf54bDa3B3dcf9C7,3059.99
0x471b10A932db99b06e6D09BD350dfCB70B2D0569,3059.99
0x4767DC55E8Cd2Def3d30E504469bDE07F3334c15,3059.99
0x477708006b44F480167830e3a6892668c51BB8b4,3059.99
0x47ef5827078d9E88BaA7E3A25c142D5be4F11529,3059.99
0x480942c5a06536A8eC64080344bbEE1bA195df71,3059.99
0x48e0b468435Db7368AB127dB3381b3Da54BF3802,3059.99
0x48e95E5e9648888A432A098022A6b5818b3BF565,3059.99
0x4914557DD2EA4227E74eaB15fd90969e05Dd81B4,3059.99
0x496867d65476D5Bf62dc7dF2a53C3D2c2CE2487a,3059.99
0x49b4a123219bbd0D62030e090262398B0e197Ac1,3059.99
0x49c4A548bFd6BC308d720D453750a1d8cfb4fA4C,3059.99
0x49F34a916B35839410F16E4Af0949cD14A8C3685,3059.99
0x4a286E015cbEA31264FC7E98d8701E26492fe894,3059.99
0x4a4Ba70800F8EAbd56470152c4CED081B053087F,3059.99
0x4a726F9e0C7E980e973774Fa52a13E431E5bCb17,3059.99
0x4afd0da372f393be6ad542ee85befa6e5c9ed3d3,3059.99
0x4b4047f5e21754bcb3cba528c4a044f1875c79cf,3059.99
0x4b4518a7f113D9B70B8D4EB91B54E06D745dE383,3059.99
0x4b56DB9279e5FF6Eb6ba010B260E7e4fc87A4E8D,3059.99
0x4C46df0B4B386FBcd49F122dB067aA971dDE00a9,3059.99
0x4c9A22561F183491762D6D243A09A851887f87dc,3059.99
0x4C9E8F2c941a8562496D01C5995d98ef4f42017c,3059.99
0x4cCc2889Babd5D85aAD1626578A954c3a0A701d8,3059.99
0x4d1F186b159cb2F288f5791215BCB7fF1cCf7158,3059.99
0x4d40ffed9cfa68c841d82b06ac98a8334b7d6c88,3059.99
0x4D416c237f75338afd19C6edB0412608145654fC,3059.99
0x4D90cd83c0Aac70628607a3b808aC452a06c155C,3059.99
0x4d95a2761d1f905efd0450dcc55a8901361409b9,3059.99
0x4DC1093708c6cA8Ac3195f81bbD2F46270cC1742,3059.99
0x4e1F420901CAbf9a42c97cd47B0a3080C9c03b29,3059.99
0x4E503Ac77a3875346AeeDA157D0BFe64B8B616AE,3059.99
0x4E6Ca782368e904012A060179e95F33E2cd7347d,3059.99
0x4e7f666cd88254377a2B3B87d301a38Ca440DA9F,3059.99
0x4Ebb1106A881157Cff33592A853599014b64f7b9,3059.99
0x4eBEFE02e87824597e295a3aC779AD52Aa83f5b4,3059.99
0x4eE572f3AE7A45ab621ABBCa2bfEa81246585305,3059.99
0x4EE574C4FF098D5D7D18b2128296B3548E1e40Cb,3059.99
0x4f5bd9bf3eb63B5D4Ca6b5f21BB6063cee98444a,3059.99
0x4fA0379f4E4933907aC6942F07165062fD4d64e4,3059.99
0x4FB3669136e0Ef317AbC6905630F14370Dd29744,3059.99
0x4FBF39281547e9e43fEED5DbBc00F700c7b8d4d4,3059.99
0x4ffD705b627d7a6997840320C2742e3388be8D3e,3059.99
0x501784fFaB37219bc79f263502e7c873c84BcDe3,3059.99
0x502a8d9d191E8d6e176413CA917c34eDE026cAd4,3059.99
0x503110Dc8a0d56aD64074a4faDe9c75a0dAecD6e,3059.99
0x5068694337CD462ff312928604DA00801cf6E1FA,3059.99
0x5074804FfC069b71d31f0890aaBFacbe1b24a60f,3059.99
0x507cC644485858637686D1B0Ba30Fe9446FBC7f6,3059.99
0x5081D2Cd067643bC2A739db9d01dcd1C3A5537bb,3059.99
0x50B5ec1276226b906F80b26a16C345a6e7b915Bd,3059.99
0x50B6fCf47b67C2a5405651Db1d714ee001A818C6,3059.99
0x50c1948cdf323f012209E5769216c1B6C39df89f,3059.99
0x510D594DDe4E616993633BdDC39be813c2096eC3,3059.99
0x51182759B5dFD73430F131743228a9e4d5E6d23F,3059.99
0x511f0c12772479204968aE6C988984Bc08d7a2F2,3059.99
0x51C43A73773aFDc831A990Cfe4d81CeF35B83A66,3059.99
0x51E28A625ee86d90c040d0077661fb5b86B5E8D3,3059.99
0x520BA40f9DEBD6ee43199C86E0184608962F72De,3059.99
0x5210dc9A3c45d0A50D8F1033c6abB13f0C6B2838,3059.99
0x5273E3EC313Fd40459411caB86A54f9332c1CfB9,3059.99
0x535CDEAA0424291C772D07b542851E34d6D7C14d,3059.99
0x536D63259ABD9fE5d299631a87290A016ccb0dff,3059.99
0x53845c474F507533f1FBDE81DBC3c149C954676c,3059.99
0x5418734F267008a49FF986163F706Ac60C8fb07F,3059.99
0x545875bDa42020e0d5854E26f298a8952fe920f0,3059.99
0x5470dE83Ff8d33bb154117A8c4830Ca0F406ec30,3059.99
0x5482dfc41236f0251e1ca52f3ac52580f8c64c0c,3059.99
0x54b40f9E44d2a0bb600626440f38b72C94D3aa9C,3059.99
0x54d252d7ad02e799a36837b89eb987472a287a02,3059.99
0x553A9fb13721C4a29C2320633332342F55e98fFa,3059.99
0x55A6622698e2E6Df69f2B53712d55d72cCF0E538,3059.99
0x55ABDcaB172aab430d9112b356CCB6BE952359D0,3059.99
0x55de0B949D572b9976becA60A34778Fe1D3c4761,3059.99
0x56296D4eB4440aa51B614eB7229EE3cfb8AB6741,3059.99
0x563301a07C5A034166C1453910b5F851D5Cb7F64,3059.99
0x565c3F54EAA7Aaf4Ba7b57d63Fda82F10493C7e6,3059.99
0x566bcba2488a7f53f79b770f8e76e558f46e9480,3059.99
0x56897Fc85Db3fDe157A1Ea8F9D3Aae99913343EB,3059.99
0x568e25f94a97e01865d966e244A65135e2C095C4,3059.99
0x56d9876F4baeA7674f5fF3C4cD9B4012cA2c49Ee,3059.99
0x56E62cFD1110a1d04f64a789deEA9BA0b0cc8c84,3059.99
0x57064C502Da41696dad78884F9aE223e8386cb6B,3059.99
0x570e23307722c723303D5Df18D0f3CB18018276F,3059.99
0x578b9309d5434Fd16cbCbe09F37f0637B1Cca81e,3059.99
0x579141E4225C94f337458E7062BE86e985f71dBE,3059.99
0x57Bb62339e9807a45A18C1feF5350d598D24Df37,3059.99
0x57D43F8CeD840B6fA73ac3a60566DF50e8B8cf4F,3059.99
0x5809E3de438c066fe8c52f3118F6f4C67F775Bf7,3059.99
0x585632eF99F46CB09b7adC2Dd3Df9EDB4dc44e1a,3059.99
0x58CF6844E07Afb042DB4aD0Bc37E8e9d497E086a,3059.99
0x58CF9A55417e6dAE93f80F63cC2E6f2B56fec6C9,3059.99
0x5953E50Aed51c766f55bfBFdA7da0Ffab9A1C794,3059.99
0x59554932622F839b2C9bCBb3C46C3cA398c0B7ce,3059.99
0x5968aAa689a5D7f99D689e0598075f75D62d715c,3059.99
0x59E5f3B232688548e48b52F5358B97662eeE262d,3059.99
0x5a21e82A8FDd0E4AD696373c3De7baCA4578b9d2,3059.99
0x5A670fBc6eAd6Bd12Fb3f8a57ccf62759Ca055F7,3059.99
0x5a94676A62BAb25B3a96571B6DE5effe8F46f64b,3059.99
0x5a9c00CeCD3D1F10719d24dA0354c543bBcf43F7,3059.99
0x5aD115cbBD475b13681A720E146cFE6faeD83A73,3059.99
0x5aDF3232f95333f39c2fD715E36d669f569927B3,3059.99
0x5B86040C03F992c093BCca38fe3F79CB15130aCf,3059.99
0x5BA4E6151421eb750d5eDC2D562aE6c0b3D24F3a,3059.99
0x5bbCd7a0A54ee819122b13EC0eB2d2D9c2Cb6B4f,3059.99
0x5Bf411E3f337E91052ACE320C13819DC9F4f08F1,3059.99
0x5BfE5279C5A87780dadbe3232C4E911be311Ca43,3059.99
0x5c24b9269D1a39B37a9b0A9B5D5bF42860bEa7E0,3059.99
0x5C5f0e63b26a2F7477F158Ed590B6204cf57722d,3059.99
0x5c7456EbA8930AE577E43807331a72f4c2D61EF1,3059.99
0x5c873d51bCb53df86f138259B5974d6607431FA9,3059.99
0x5C93AB88482d0BB1BB16fAEcE3aC176013B0B61b,3059.99
0x5c96AeF83De0a4a6cD68C1bBEB1F2435aB323eaB,3059.99
0x5cA2CcB0A103821195b3d1712a7941A2aB89e58f,3059.99
0x5cBa1b7b99514EaeF4AD17aE2Dbf682B6e54D3d3,3059.99
0x5d91349b6496Ef3CC14A3586D09cbB25D2B13f4c,3059.99
0x5DaD5b8c4b640305585bF4586713bAd0fE992Dd6,3059.99
0x5e3CaD9bCbF3847e59950C792d25d027e9743c9b,3059.99
0x5E7A7e1e760c1Dd7c37192231fE7005F54b027D1,3059.99
0x5e90Da2E136218A794366b22c93238E2441AF3C9,3059.99
0x5ea24a8b88B3352920cc0397dc56feD4a586eb04,3059.99
0x5F2D339f7e2056Add9b467D952d4Cf348422dA54,3059.99
0x5F7a9d511976f7008F6161CC75f2c924BDe1bB0f,3059.99
0x5fAe82C4ab84fd9F9696cFeBcAcd559477c19ed2,3059.99
0x602d448AE0B7E5A75e83Fa0Aa6De75C52d4cC679,3059.99
0x6077A68C43a0c32037923592928DE3CeC348055d,3059.99
0x6114E19920E3F7F768Ca5aA533e04389ED48bfa0,3059.99
0x612BC2c4d5765ced8c3C057f48899a6c714566b6,3059.99
0x618FF7C758BCfE00Cce6256881963badA5A09B23,3059.99
0x619d2F2fFA6193f2CaDaC51107BF2BE27000D8Bf,3059.99
0x61A51250917e34A617Cf4f254b5b9cF35197B845,3059.99
0x62AEB1d46D4cbb804Ae14ae3098C2A7E0578Be94,3059.99
0x62f299f304131E5C2F2d7DC4395bdE2A99f15867,3059.99
0x635F4e556F3f605c19C4543B060618041baa71D0,3059.99
0x636f39ABA1c8eedEB86A26c153a7c6Fc2f646d53,3059.99
0x637196850F8727adc58e1d08cd5E836d4cAea05e,3059.99
0x6381514a882d74908bB4fd5C0CF59Fa2d739fd29,3059.99
0x638a96B973b171f45FD9F94Bf063833F62644cd1,3059.99
0x63De9f0F20543239BAC7E15FedCE16B4571344D3,3059.99
0x63eA1E5Dc7976e6B505a2Db2fd900fC76ba06c1A,3059.99
0x6477F611B0efE792c692d1354E76d070acbaD684,3059.99
0x64a4798Dc67cD5f934b9dc49E29D6f087b574384,3059.99
0x64A6b1e4596A704422a13c5a4dbe147F1D578075,3059.99
0x651cA23A5e0cF87C26f146ac76f666FB5D0C89a8,3059.99
0x655264617F4C4F7aB3a6829E6757c3C207760dd8,3059.99
0x657d814d369638b7b11514f111A80d0f7d8e9CA9,3059.99
0x65B80b049B1f917F7f8106B538822Dc69a3C2c05,3059.99
0x65b88dC53c2de16901F2bd5D88e64a7bd611a527,3059.99
0x65Bc9D39DbC43b45590A790dF3290394080B2F9e,3059.99
0x65E5B019adEb8800e4e1c78666432bCB050F8AB0,3059.99
0x65eb891e5b5d6a174F189c3e875bDEd319077268,3059.99
0x66639327281d2bF0a18f9B57e2D4b8DB0aA0E92b,3059.99
0x6694FCf259fb4388276B0D2D498A4644f843fbe9,3059.99
0x66A65Bbb4FDb6dF7374cf1fbA2063Af4f46511c2,3059.99
0x66b306356c660A139E8d3108f32A83d3854F48a6,3059.99
0x66B81Ce05f127A0DF4E23D1e582Cff973ade8C4b,3059.99
0x66Cd47A40d59535fdea7E0A490AD4bAa2426be83,3059.99
0x674C7770F010E851E9306468f1be515c2BA4f585,3059.99
0x67690547ad64e2c03f8dd1285badc1f02d2b992f,3059.99
0x6798dddDa75eFb18BEd13b3B845df5e758C33876,3059.99
0x67e01FF7a971396cD8E252f630b5410798e271C1,3059.99
0x680F74457DceDa108e8864DE33b87D20e6f51eD2,3059.99
0x6813dea599084301e4b0D9a6c5940f5c39B9E0B3,3059.99
0x6853fC6E6733Ecc192424Af7Eef1603B83E5F63A,3059.99
0x68bF9C1b3889BBcdB683A66e4CEf61774CE183B2,3059.99
0x68c83cD5762dD46E03FF98029A46d9F1551D9107,3059.99
0x68e5F6D652651B23D063A1FE20b20E3AC99d0F0e,3059.99
0x6932C49D8B61C927f80CF686917fE1cD5bc244d5,3059.99
0x69648521Fa18b1bBb6A2510Cfa5c46DaC1B816b6,3059.99
0x6988335F0c0936Bb1EBe096C7C68AecbdAd27B48,3059.99
0x69a7709D231d96CF7BC35ea071c3996CB18F14F5,3059.99
0x69AC4393589B0CbC130c264868e3AfdbD265272b,3059.99
0x69c444F0caC1682F805a56d8CBD152fFbFc16841,3059.99
0x69e53dEB9D828e235b75AF7f72D4856238f76Eb1,3059.99
0x6a3DFBBD20B6f5307944254fa541244805966Dfb,3059.99
0x6A897146E29A1ef26b32151536C97215d1c5ed17,3059.99
0x6Acc9332df5f11fB733E0c7b30CB5fD7851337cd,3059.99
0x6B0FE536f1BA967f2071fB957D608ae68be416cD,3059.99
0x6B3DF8C84B650F8B33A7889A2478add743FFfe7A,3059.99
0x6b431A511661E996D365235A7Fd72f8857754433,3059.99
0x6BC4E7AE45bA9Bebdf8EceE73e4AeCb22Df53074,3059.99
0x6bD11EEc0Bd389B522d500F71B26e714Ee9be67f,3059.99
0x6c090c20cA8c3763FA8EE08a75852bf4aDb29F62,3059.99
0x6C159C881BE4Afa3194Cd8CB8F3555444916C684,3059.99
0x6C56Ec6B28f2D1941d6C6B65988EE51dcB6accCb,3059.99
0x6Cb90B8960DB20541a0758Ca7eb8d07ED93b7121,3059.99
0x6cbaEEa9c095149E588d7b1640732DC30cb94aF1,3059.99
0x6cdc5cFCF33c80734401313dee16aEcB1f83b9FF,3059.99
0x6db01F85aE15dA6726e6Aaa1bF4c5614c45E1d69,3059.99
0x6E48428d22f9E7C9de30EaBA9DC8AB415C27b5C5,3059.99
0x6E4bb750ab33C7DD5Bc0EA274a5055083C38355e,3059.99
0x6e8749803960a4d9fa4601C4699C102D4236D307,3059.99
0x6ea25EC388C4Ab1a76bE4c4cd9E1D232Eea41c88,3059.99
0x6ee591495dd3402A93A3D3A8A8A18389B34eFDFd,3059.99
0x6EF8db55badB376219a61fE1e84F6D04ED4c8f84,3059.99
0x6F27689e086BC0da7bb8CbaFfd73425d767015B7,3059.99
0x6F3d2b7d24F52d34221a84b94005c4Bab77f5928,3059.99
0x6f72685Ebb221A2a81e7598D7eA0cce71440185A,3059.99
0x6F7C7f9c13A50b60eE9c954212C58247c1652254,3059.99
0x6fE31941903D168DC9027CA2823E803D42491bb1,3059.99
0x6Ff9B53DA375411f9aa804B19743Ddd869511f1d,3059.99
0x70004b14618F723EFBedc6c2695F34eA1b922fD1,3059.99
0x7019D02d614581ecBBc7C70E56ae1b550a129b5A,3059.99
0x70a13C74E2eB0E0885c4C0dB6975300DeafD8c93,3059.99
0x70aEF56b70091B99605A6E20BC618676faEC0004,3059.99
0x70eE0670464ec34C3C94Fd1EffA649339d9d3dFa,3059.99
0x714E4EDa3dc3D384B78Cb8840064034611E30334,3059.99
0x71b9bF20E90648aE0e3b05618e5324433331D8C0,3059.99
0x71EaaAaABB876deC15E2A8b6C169E95aa76D6b51,3059.99
0x72009d5CedFb1173Cf459d03eAbEA86cBF0e8E6E,3059.99
0x7251c7c5ce642a9a7c81ff48463948cf13016906,3059.99
0x725426Dd56484f946D0d501D9330Ae7a09Fe6C04,3059.99
0x72Df414ac7f0370Eb62d4D51F88fC2Ea47cece87,3059.99
0x72E8Fff2fe6E35B0497EE1983A1D9Fdf8D15448A,3059.99
0x72f5e73b38246E7c05C230793c13EE93491171c9,3059.99
0x73B4E2F9f041aA7509aB96BF6249B5a456f49F0e,3059.99
0x73Cf416f706128Da9722F6F938943f97Ef01d1D7,3059.99
0x73dd6Ee5Fd4609244C4f63cc8F1b8F33F0476c62,3059.99
0x73Ee92Ea29984d0DA7e60E91B58CaBf28C64FdBC,3059.99
0x7400ABd79F89dB73CEB08b00AAecd2dC1D6ef0EE,3059.99
0x740800F03B6471293b1B39D254cD106A8d62f6b0,3059.99
0x742A8870E7a8d373AA5F216F6005E18a421FcE24,3059.99
0x743b091203a0fcE407fEbbE13c63b2De87Db7bF3,3059.99
0x743d440d7B37f0b174c186a98A46275C87ACc63c,3059.99
0x744416775DAF38a189bA7fFad2e8348c5c7140c8,3059.99
0x74BcD9DE9823050569a6509807e5FA975c8e7760,3059.99
0x74e7c78d3fDDF4003F25ca55F4e9e47644BDE67c,3059.99
0x754091b1dd48aa4a412f19a60e956b086d3fda05,3059.99
0x754aebf982c556108a5b67a56301723a23ea3d60,3059.99
0x755dF1b8A5C7c578915EB425d96f1F21B7212875,3059.99
0x75aa59f2f0c444813da79f5450d8f03676a8b4b4,3059.99
0x75c09b7964b4d9898db656f07c4dc27682b7c930,3059.99
0x75e980d35c99B3E22697D51A61c3973C4469Ee69,3059.99
0x762E026B450f81F9363f611f1c7d262BfC0Cd269,3059.99
0x7648D0eb6fd8202f64257f329ea03A30FFA3aAdf,3059.99
0x764EEae305fe7328407dF5d3F9064c9383E16b4a,3059.99
0x768Ddf5BEb2056e014B59eAE72AA203de1ae68a1,3059.99
0x7696B8846C37693b1A228d6eCc6366b61067c688,3059.99
0x774c97d077e68C1b34D22Be98CB18F6517267877,3059.99
0x77873905c1f5600F201CA40186C20b92d65dfF21,3059.99
0x77e80C6E0b860bbf839763790b1445dB666C61B8,3059.99
0x78003c4B70cE8dCE85403D033B910a90030C7EB3,3059.99
0x7857Ba3934e87CA0F853C1D392eC331e716647dd,3059.99
0x7881aa6855EE80Fbe68dc7cecc9F78e28cbbF5B9,3059.99
0x78b74e053d0ff2c646ecede5db4be7820368a35c,3059.99
0x78eC67742E2f22C3344023317432BE4d78CFE656,3059.99
0x7921596e6B1f26F34B4f98D6bB7aB101d095aa53,3059.99
0x792c68eFa4F64c3289D96020e5a2ad5A2d0fEcCa,3059.99
0x798407e234F5Bd490f0e84253d62355Ac8bF9942,3059.99
0x7a15309Ed61f485B502d2B171735bF11501770F5,3059.99
0x7Aa80c9acDE3Bb9c00D9E9cD8FaB4c3C6f0104ae,3059.99
0x7ad764Ff9E39B11Ec776E1450A42B9d048b5FA70,3059.99
0x7B8Df0d74d00788Ac0306C2214B816B5e932eb27,3059.99
0x7B8e00BE6dF5a4cD78669Dd2bceFEFF4d406cF80,3059.99
0x7BBa04315475ad3105c77e40F2a0DF838E2cb478,3059.99
0x7bEAa88A09685C85241bd8739F53Eb68bCDF434b,3059.99
0x7bFCf5722845F6E26AeE07178Bf7263BF64f66F3,3059.99
0x7C0679dbA467C0e6e9333FCa1F6873b1FCa68F77,3059.99
0x7C1A642A3666644B604F9b0DFEbCF9832B0Bf21f,3059.99
0x7c3960e188143962b4e8C27C430AaF7E81F01882,3059.99
0x7C7AAC414dba57fdBBC86fDa2E082Bb424B0b127,3059.99
0x7c94DD90b5f08AA83bdcd0d4100Ed8d92CC68c62,3059.99
0x7Cba755A54356b536A4205d6d7Ca0802a1061D2D,3059.99
0x7cdc23Aa26EFf0eaDA1711ACaD900a20ec405B44,3059.99
0x7d2a913cd96b69cf74A3f34B3e58483e3Abceaa9,3059.99
0x7dd10256c4f663F8410A19aE956c8673D227fF4a,3059.99
0x7dEd7A5716C2C094d29d4BEFa51908E4e1c8992F,3059.99
0x7dF263b76f67262444952c0bd44F5259e4672642,3059.99
0x7e0d6F45346539E08054B1fC49d03F5e3002d13A,3059.99
0x7E993651969567538764961B0b71aEE86A4Fa7F8,3059.99
0x7ed9916dd87032e998ced31d435d2971c9ce4e45,3059.99
0x7edf2cb453371c957a1a55730bd418fc3fb0a3ac,3059.99
0x7f39F52717D2937eCD951fF6F3c17f9586805f87,3059.99
0x7F4f66E366D49D612dD9C681C0c45396318838E5,3059.99
0x7FB6Ed5b4E00a79D5f954703aDfdADC1e2c1A1aC,3059.99
0x7FB9078c537F39589c36B8be04089Aa334A95Fa5,3059.99
0x7fE3aA20C9A1FB07B6e07bD0fdBb0e9460c78206,3059.99
0x7Fe662f71Ee84E344E2F44dAFc5dEe29b51aD6ff,3059.99
0x7Ff733eFf52Dc9bf712f8768654d6D7Fc47Dc4B1,3059.99
0x80443e831F9E508F2d0131A3B8A573cF08271732,3059.99
0x8052a1e6A7F64325eE3a7CE1C5e1cc39B22af712,3059.99
0x8055cbF2Abd4B658C4AD0f981Af026e2a4FC1A04,3059.99
0x80A41e88355dAf6fdd90aC76d45761Ba1F277605,3059.99
0x80cbcc4808F2d9A99d9D64605192506F4C6E9A54,3059.99
0x8101036f77bC924f912056617D2200DdC459dEa3,3059.99
0x8132764ddC4Bb2e11d2B3298aE592Deb42B1573E,3059.99
0x816361DC1a9767413B3aFDbDeBDAA10a49aED96f,3059.99
0x81E6Bb7EddB5096353DF070CA64B8AcfD504477F,3059.99
0x82225B8dfc50945F95ff6E5341baB83B95B74a7B,3059.99
0x822C847AD09dD366e16251331A58C396e84D1cd3,3059.99
0x825183569FFa787b481116d79d585F601c99c9c8,3059.99
0x8299fD0b56C59548FfD64E43f0b7a1AC5C106b59,3059.99
0x82b1e9FBb033d14E6D097aAfD3cA086b6b5A3aFf,3059.99
0x82f7C580715c8817a8D2649d7cEEFe0Cf14c0846,3059.99
0x831E0267c87116abDD1F578F7ba153AD5b71bdEd,3059.99
0x836eaf0714fdF8b6308D82D08F19d124624991f7,3059.99
0x83952B46D3Cc053f40f5994aD3348fdc5e0657d9,3059.99
0x8398383d644C7941961A5817cd67C0D269109085,3059.99
0x83edcCA7B58dc9f380852Cc98De356E7CB263951,3059.99
0x8409f936e7FbCFA7A6DDF718616bbF141b6Fe35c,3059.99
0x841cAbD844efD40c0e16B2f317BE35089924Ea62,3059.99
0x845e6fe98A305EA7a343A7323e99260FD1D637f9,3059.99
0x84730B307790d4A01Efe5855D682176E9933022e,3059.99
0x8474Cc92E53217f5B42496cc03e71095e124247B,3059.99
0x8495fB866453D8f19e2C99970098dFb7F89da3B5,3059.99
0x84abcced5543bc33f6ab900be9155ed00e61b1e8,3059.99
0x85144925c10dFAf89cb3E6bc045d06b6FF77125C,3059.99
0x8572687bc8b4E21CeB08dEEcecb967e662e65746,3059.99
0x859b5fb78298050D1afB9a24Df032DEa777ABC3C,3059.99
0x85A20d980fE458E0554D0D70a68c32aBE41899E5,3059.99
0x85A9A2183Ee3f001a3ba97AE2b1E09c056C442ac,3059.99
0x85C4eD1b0ccD94a46E760f7ba7AF91E37C8CF9fc,3059.99
0x85C4fE63770e97E68626DE688397f064E0e9CF74,3059.99
0x8660Cc9B63dA090DFf7Ba0F404D150dbCE701bAa,3059.99
0x86B7fBf370b2B47b263ef9F5544472771Fa64811,3059.99
0x86d8B10620495F0E9e5dfFC6b5ad4fD02e8176F4,3059.99
0x86EEecc1A5D44785F6AeBB3B1e4c4deb4D13414E,3059.99
0x870183EB2042bDEE1CcF0B093d478C2c3d32b696,3059.99
0x870D0426059F9A16f2F7Af069f8aBcAeefBdA6F1,3059.99
0x8748594CFb35f2F454Bc9F3625E7854b3c3dbDaf,3059.99
0x879B6e7726c4097E5741d3da44137aAE1D9Af370,3059.99
0x87b076e925dC371195EAb25A0fE74dCbb5cb70f7,3059.99
0x87C7475E80fE021554EB89f7feCA919541eDaADc,3059.99
0x8828bB044Fa10FECFcD208fD651bce946311be42,3059.99
0x8854Da8cDA29b077e7d14431936fb4FE9ED3b870,3059.99
0x88E2B91A96F3A243746a760D6F6976712f340cA1,3059.99
0x88fED84dbABD43b7336042bEAE1eEd9A78463a8E,3059.99
0x89058e84ed018F18a4C1efB4107eb1473B3f22Ae,3059.99
0x891e323a0b3B7c42a8559d47ef6a07eAcc1BE118,3059.99
0x89318F91620E7B2137B39b841A5C001e71eDb58d,3059.99
0x89424ba5916D97bD02D4d95EAB42b71be6BF8F53,3059.99
0x894a644661BD0E30e745BBd6e4065ab8A4FFa20A,3059.99
0x89695f49a50C4d1B6723B38910a3B65a9c86B193,3059.99
0x898E7BA5997Edf98aC95E19a2D8dc417Fbe80621,3059.99
0x898f1707e00679c0eF201124b0752e3895b74768,3059.99
0x89A6314D3f4F6C93a106f685369425abc26851ac,3059.99
0x89aeEDd1d874b8f5f32dad99209d9E30e6C8391e,3059.99
0x89BaB21Efc42a894Ce438Ca976b79B86d661Db63,3059.99
0x89f1Cc0dc73cf15b7BDcc42F9E77986345Ad317F,3059.99
0x8A6E76e0B2E1d58b7A9c970202F9B5e28c1170d6,3059.99
0x8a7dfCf88b89979Ac39E72d09929df1428fae7DC,3059.99
0x8aBc3eBB19e065989DBA1D2B774cf6a0720d1AC1,3059.99
0x8AF4856f1C276F3Bce0330AF54c425e7B258f812,3059.99
0x8b5A74b7994780d98c6aCB4B64b97B0c8CB957aD,3059.99
0x8B6486dd8d9a4B0B577986F9c5ab2BdE8127B35D,3059.99
0x8BA1ca330bA44FBd672A3153a337c81Fc72C4ca6,3059.99
0x8BEa10192200c53556e0b68B46b7A3105Ec90E85,3059.99
0x8c0C7da6ace9C318b3d6BecbE0e0Bec080586ceb,3059.99
0x8c28B93d1f1dfF822bdd2c7d493D43218291D374,3059.99
0x8C4B62d479362E855E2238404A89Fd369e9E340C,3059.99
0x8C6475DdF5c5e62479711e2e2CDE0a25A46F8746,3059.99
0x8c81659C120370D9d19d445fB9D619BaE4226145,3059.99
0x8c9c8bf9008f5e61c2c20ec545fc00a57ef30a72,3059.99
0x8Cea29C7E0e8c7A1b889E058A3c98eB2A3548DeA,3059.99
0x8d404eAA95e632075A37D7906e3B861527586231,3059.99
0x8D6bC7C0E11B68E59396e19AC2F1117e06bBe612,3059.99
0x8dffe11a39baeB696f50DC9002A1A722583BE842,3059.99
0x8e0F282959df29Ce15699b0A44685aa4d4d61aaB,3059.99
0x8e106F0fCE16BFe573D00AA48b3D78A46ef758b4,3059.99
0x8E23AEC03eCfbe74CE19BE7D95099D3A2D6b47c3,3059.99
0x8e34e975C813edb7ecd68E3877586A938fA10f12,3059.99
0x8eb97C7dBC3916b1C19768F02DA61555f44D51bE,3059.99
0x8Ee31245C4226D6afbA084360DA52bF1692Fd9f1,3059.99
0x8EeaEA3704ab2F7486B0D289072D041d3cD3Fbd7,3059.99
0x8ef1f5742449ac2542dC17Fa8B27d39F48BF2669,3059.99
0x8F22A92E8458A11418102f322e3802FB2C85DcA1,3059.99
0x8F406E2d9C1FBFb3D5bD8E1D55a96e00fda52366,3059.99
0x8f5210AC333C4288887614942816AbB6499817A1,3059.99
0x8F52F5EAFFA522ffEf4577687041188e34FE8081,3059.99
0x8F55072E20bBbFDAab52e4852A7C435b2154E5a4,3059.99
0x8f5B007DbE29B5875ec57220aC89718865944C49,3059.99
0x8f64EdC15FfBcB834DF906a95eD306A30a78BD77,3059.99
0x8F67e0B75338cb5879D1A5230DB6151d82008f31,3059.99
0x8F8aa909D9950926D2C0a45880d68595d288e23D,3059.99
0x8F909a39660298B8feCe51cfB6F5819183d7DfD1,3059.99
0x8fB096d8aA5a1810e3FeBE9672da4ADc31f7adb3,3059.99
0x8FC4Ef654c4Bad03BC224772cd5C0d867335D487,3059.99
0x8fD24B5FAc248DfA43c077A37551F223b9D52e53,3059.99
0x8fD7b2F90C80E848f1242392F458eA5f57b53570,3059.99
0x8fe4a82c41abEcd0600A47a14F7603DD18456ec1,3059.99
0x90212AEE771842300482DEc5F130245Fa8ee3107,3059.99
0x9089d2e69c4beBc9F021D030CF318B6A95701b90,3059.99
0x90994585cD04E7D103A2343Ca24666eD1A2A9F77,3059.99
0x909e5baB7E55A7bd4C66FDe1B62A01186546Ee16,3059.99
0x90a696b19a351603FaB7c06830645D1562De9FA3,3059.99
0x90f8DfB07969a4B565d03F9b323F5C08462656A7,3059.99
0x91516AE241EedEC4F692327fd62758c768627916,3059.99
0x917eB54d6ae582C223Ba71f714d0099fd6806f1F,3059.99
0x918B46c6016f7733FBCc91BC93199aE7c5884252,3059.99
0x918d7685a9aB5272c70B1FC6a6BB2Fd56A0772fa,3059.99
0x9204A61A8a3659647801942439925C30726E7c38,3059.99
0x9214a36f986090ABA78E7787a579626A72A645CE,3059.99
0x921e45468E014F9FF8ae9647a8913d5803fd64a6,3059.99
0x92d4aFf002b0CB49D64f592FBb64B3099d6B4504,3059.99
0x92ddDed89590048f8A878428a4bfe08d2F29bC0b,3059.99
0x930ceeb5B9DB572cFa1a5AC1A2eD6Ad1c99eE3d4,3059.99
0x932c681f7ab978426bb4213d9515b96271c55c27,3059.99
0x9349a2F64579F223FF69CceA2175F2f65ea266EE,3059.99
0x93a61d7E07C58c7330587EF7da5295a2c4716b48,3059.99
0x93ebd8C1585c9A40B32e7587C91b859cDF811d03,3059.99
0x941080C71EbD5B1eB4D50E674bd18b3A77BEa7E4,3059.99
0x941c3F9C3745dc2092d4F4B6609E29796192090E,3059.99
0x945Ca91E3Eb75FE0528CE73060e76b516B3601AD,3059.99
0x947b97D90121486D77D0621c3dee85393f08460D,3059.99
0x948DD3416bffD5Ef3D1925f4bD1f52394813Ad11,3059.99
0x94973434E409d1ea51495AfB50948c5C7A4b8ac7,3059.99
0x94Aa12Aa9BBbeD60748D1a3dB1FF83E077c54555,3059.99
0x94aFa18b12add823C5858372638DFa7De1Dc9210,3059.99
0x94C819Ebc7e35f731a4F27fa39CED25235b621F9,3059.99
0x94E782Fb2d69932953aa3c517FE483270445e9c0,3059.99
0x953A1531acDE08DDE9644b81850E45FE85555f39,3059.99
0x95557eF19f81632226bD33451dd19E00AAa62c51,3059.99
0x959cb90257df2f4419ea0b66b2c76cecf1b92234,3059.99
0x95de4a806313D77c98aF87496F27D3b6855eeF36,3059.99
0x95F59E35BCb94629C8839A5BD708EbcD8E9447aB,3059.99
0x95f9ACc1fD7d1314f5cba1f3AEA81749Ac4097BC,3059.99
0x960E5E018552903600b6B5112CD84099D8dE45eD,3059.99
0x960EAe3e3142500da32aA946af19421Dd26938d3,3059.99
0x9624a78904F9F67fFCf7a1ec7c8CDb229b4D563B,3059.99
0x9636d7ac16ADdE292f633b62cCC05220aa345382,3059.99
0x9651f48f9d9014813FC3AA205FC4DEcDf3A91f9e,3059.99
0x96afaB5b31Ab2C569a9708660a99F59339Cc0DCC,3059.99
0x96B4544E062d0d2D6FB5Dbcfa18845c8e00F8DA4,3059.99
0x96eC9477A97b182e269E8C601618a94A3583eCa3,3059.99
0x96f55215484075440ae5D60d8C0Ab2140EDAD18e,3059.99
0x9749a6107Cf38fd36Ac60D39F9B4221dd1C20336,3059.99
0x9769ABc3a0AF903EE276f623359D8C3d2f6225F8,3059.99
0x97868b4a8e6eAA9935e78F9c8dAD14b4fB7e14d3,3059.99
0x97Ab134dA838215d7a81c522A0C114Ed0b62cFAb,3059.99
0x97BF2A140550837411D65b02Ad6bc384847905Ee,3059.99
0x97C098a8721490620Fd5F98Ea9d99C438cAB1093,3059.99
0x98338bc546c38b1b401d1DF50077aCcfA787250C,3059.99
0x986219E2A2b54b2859FdE58D1137099337E68d06,3059.99
0x98784d76F1c6153e36f2b4148E2030D1D18a264a,3059.99
0x98Bb4252dC727Bc6F570FE5AECc7Dd91f4782f8D,3059.99
0x98cc73c7F561ba718d04C9e40C0F066C1368B980,3059.99
0x98E3e95D4FdCe7f057bc7884BCC030EbEDD8fd6c,3059.99
0x98ff70f6a01E0428AE69FD856598Db9C0beB4Cd5,3059.99
0x9902C3A98Df4b240ad5496cC26F89bAb8058f4aE,3059.99
0x9928Ba1FC3e358771F92AD2485Bc1c8d50802bc8,3059.99
0x9943190F814401D239adF870520D446B215a2e7D,3059.99
0x997472D6fed4C7f303678426dA187CBB812d2154,3059.99
0x99Bd6363971D6a833AeC3f4464979749BA13FabC,3059.99
0x99daE7af846f5855E1Ed0d40ce28745B7f607842,3059.99
0x99F83eC57Fe1e09da9a20Efc00156b71826E11C6,3059.99
0x9a11879D1e44C83b7f9Ad7E0A5A313147CD0BC0D,3059.99
0x9A92DF24c62220427e12D15f53Cbf29278C2B60f,3059.99
0x9AA9fFEC51616ccd4dA1Cc68e5ef18059DB43A50,3059.99
0x9b202b5219bb097a234eaca1f2a69958eb53422a,3059.99
0x9B3C3554A5f0b7731E4f82F05bE2aD070d78e3fc,3059.99
0x9B6A162Ee14aad0D99F4959cdB6FDE788e9dE0e9,3059.99
0x9B78467766DdaaC0C9b768155F478B99BaA2e2E9,3059.99
0x9b7D1e7dc09129Ef502Cb23596045EC098daE3E7,3059.99
0x9b7Fd4D1Cc21b8dd401AAe70F642803Eea258438,3059.99
0x9B81CeE95d4e4348553e741Ad257bca60F48bDF3,3059.99
0x9b850a64Dfd7aDc0aB718Fa1906561118EB4f497,3059.99
0x9bd022a7e449d5d13e58fd4114ffb2b1501c9c57,3059.99
0x9c40B82eb9Ee1A4382D3dC3592927AAaf90685c6,3059.99
0x9C5A9dcd9aF0012Dab5426f5D65adC8Aa9090583,3059.99
0x9Ca7FC77165218bEB2c9c325eB6383F08633771b,3059.99
0x9cc85A405319cD48E5A401d212D9Cd3944626CE5,3059.99
0x9D071F48ef6dDB7DA392bD7C0051a0b640D85805,3059.99
0x9D374D3D5f9cE1f388994c98D7279BD1B4f87b33,3059.99
0x9d582D9976a6Aa87dEeB3b1347815c4358304173,3059.99
0x9d7eE429D681163bEFd63b6cf241a49034D651B4,3059.99
0x9dAe0Dd20ffFf1a05e5B5C192b7b550dA64DC01C,3059.99
0x9dccE9886a215fF9E7baEda432169C9d9412c1F5,3059.99
0x9e24daa23072b1bdd057a048069218779b5c393f,3059.99
0x9E52737AD6e4b830C1CD540bD9F51C8B6B40fF2f,3059.99
0x9EC3D3eF94abb510eAB5B02Bb965E8820fBEd0A7,3059.99
0x9F9fB90476BA70C13E99E43560e48Bf86Ef40207,3059.99
0x9fdb61aCee90d3acA05271503639F85174F13085,3059.99
0x9FF340E47b7048bD06F800848Aa54dd306F1832C,3059.99
0xA00e37111c6F69cC0B85E8227F3dE1dfE957E266,3059.99
0xA028F9801bE4bAA3De11F7FDbaC7a81C6Fe16143,3059.99
0xa02e8C8E1621D583c6754DC4Edb318FC7d159604,3059.99
0xa03Cb883C5a923Df7FB9eb1CD731677a0952871C,3059.99
0xA07d2d9fA8c2AC3a7c92ca7d1C74E548529144A5,3059.99
0xA0b6f7f7b9Ca5B5091A7aB53e5D782d011EAe38b,3059.99
0xa0f82a898d775F4B35c53E5D0e70391A93e5f195,3059.99
0xa10b4EdC873ADcD3Feae8413CaE42C41F720Fb64,3059.99
0xa1168DA085Ed246E40f517c252a2ee5A51a9E13E,3059.99
0xA172C295aE3af1AB1480d8c9C8D1E8439c69084E,3059.99
0xa1b21bBcFbC9bba21bFBB58f7F59115b99a3A594,3059.99
0xA2075f7fF86Fe8E3aADDF85EE4C0244E49DC7243,3059.99
0xA2162893465F7699002915c0213CE26fFd604bB1,3059.99
0xA24E91274222A5AB28d8E5B27CBDC5652cc2b3Fe,3059.99
0xA25F1310D44C884E4c99b4E315911B44F235ba0A,3059.99
0xA27692d8Ed1834c2c44fdc89f102c1D1Ae469cf3,3059.99
0xA28Ee07D586bA0034893C9D7d5056fB9E0cAe9e1,3059.99
0xa29D6b09CC7Fd31d37f3d27e150eF5f69f4e9b95,3059.99
0xa2aC6F9b1d14006E729389A5A90D0d096e29cd81,3059.99
0xa2De56cf5d3c453a2348CFDD17A3faf1b92E5FC1,3059.99
0xa2e9Bc494A98DAf144020F06703F5457E514cD30,3059.99
0xa31a515dE43710cadADf65146956d4A8250F1C51,3059.99
0xA32B30fa20431eEFDcE3437cc80d525B84Eb0fDd,3059.99
0xa34330702eD66Fe24eAC342909F5639a6a12c7Fc,3059.99
0xa359a7B19F6A0a8490931f78763eD5554047c494,3059.99
0xA35e8056C0D23AF2aA8a2B0598B847DC07Ee1Cb6,3059.99
0xA37EE1f0294aEc1577f4349927208F7E6aa0063C,3059.99
0xA3Cbb463eBb2fC457674519283238a42c794fA90,3059.99
0xA3Df9568C5Cdb3A299f4641C1fC8b9c144D17841,3059.99
0xa3e5a9e7a5663ec2669a82de68d2ddcdcdc2b2cd,3059.99
0xa46eb9764fE875d0D6FAEc512efc9e2d95026772,3059.99
0xA480aa80F06f4074399079F623994Aa5807BEF39,3059.99
0xa4A97F3f691bb39aD554b6ab06A15547E23c8caD,3059.99
0xa4ac8b23a5C456b626212F3Ecb21D69FF0da5D1b,3059.99
0xa55a7ce797a02e0f9f4f935f87af887bd25b890f,3059.99
0xA55BCAEcC4eaB92d4aBD17F77bd57b50477D25Ae,3059.99
0xA5C0Cfd40317AE2410328C2189D2dE69665a2a5C,3059.99
0xa5CEC90FFb4650beb60f1E301feb52F74baF3a80,3059.99
0xA6151Db8747538ab8B0285149FBa103e932778Cb,3059.99
0xa621Ea728540c41c3354Fd4b95D614a6F637A2f2,3059.99
0xa6D31551E1459Df688B9b9C8EB582e566ceE2E18,3059.99
0xa73477095a7EE11E7d51771eF287311d27fbd5c4,3059.99
0xa739C84ae534472E0e0F3fE1aB6691F93bC116d9,3059.99
0xA74999B9171472b81bE25d52536D5C63f5b9AEEd,3059.99
0xa7BaA916084F136FAAAc591108a0a41D042D01Df,3059.99
0xA7c72f4419A2C709167cc83f3E2d54607C695CA2,3059.99
0xa8190CEAEDaE61380F426E31766415236079dbbE,3059.99
0xA823ea3EE8dC66522839E072573568970790EF92,3059.99
0xA87122436D5bD2B445667F2DF6841A5a867907AE,3059.99
0xA8A51E42d443BA63D5bE38D79e6AF94e3aDE86a7,3059.99
0xA8C3F8d09E08402D47980Bb42eFCa30d2323e558,3059.99
0xa90e0934458f12835C6F5A567236eE9f515Dc088,3059.99
0xa9732A70489C681BB5b8F53d9eedB83bbE04F04F,3059.99
0xa9A6d4036854Bd6Bb1D42C55BeD54398d5AE7394,3059.99
0xaa0FABd1982d3c215e590A96c43Ea066D48876AF,3059.99
0xAa2cE05ABdD4bd714F99312F23E3046f10F56E03,3059.99
0xaa3d35bb4c109b80987aed19e9cbcc65a7d52c12,3059.99
0xAa482beb51B8Ee55B3Fc256833F5c56Ad11f67e4,3059.99
0xaA5e721D1D6854b3c9F40395321adee27915d012,3059.99
0xaabeF4Fb5902950503c2d9a87396D7389DA734c5,3059.99
0xaAbF4C343bD6ed3207e0e6AC61e55C83c94f03c5,3059.99
0xaAe266b62BC1f4678890aD09688ab0bC9fcd3FA9,3059.99
0xaB4B289D1a9faeC48D66348fF671E8C87DFD5749,3059.99
0xAb50260d15947B81f6C013C9e99f06598203515b,3059.99
0xABA7f4B678275463A4329612f8424D0530BD51a5,3059.99
0xaBAccb23E196cC11A01E1d482347CE0b76d0AC95,3059.99
0xabae9f7e0be26125833941920894c8997ec3f42f,3059.99
0xAbE2f9d9f878bC7359491BABCfDd6f6E5d8C58d7,3059.99
0xabE51F522DB6EC6F54E62f2b107248069F1Fee72,3059.99
0xAC4f0fCC6F7D5f1fedabA7D0b4bdE52F94717eE5,3059.99
0xac5057f8A957B4171ce91F673E54B67BF4E21Bf5,3059.99
0xAC8a1918561Cb41C2432FFdB3Db45Be35A515f72,3059.99
0xad7237B518FC239FaeeA7ecBdd08c964Ee3a7b63,3059.99
0xADeDb3F440c6B8186dBBC1A8ff0A0f0a1Dde0cce,3059.99
0xaE2111Df915b5e222421E813a326412C3b8E6F21,3059.99
0xaE38aAfF2EFD122c55B5b95eB28fBF8F75710600,3059.99
0xAf271a088F7e21ec5143Fc5AD2D904Bcdc54aC64,3059.99
0xAFf8C16838960Ea45114a8f9f818581Fd026687E,3059.99
0xb01c6EFf741249f5d75bD69A3de727b53AF75725,3059.99
0xb03CB251FE52448E76822119DE9060D0bBd6bd75,3059.99
0xb073E6B73C04B55711AACdf06cFcD977B1971854,3059.99
0xB09bfd19507e751421951BD4e77a304df8BD090D,3059.99
0xb0a4d40ed4d8748cb91f49e1d14a0d40a124f5dc,3059.99
0xb0C1fF55E6d1250Ae4f210f6F7C8341f64A74776,3059.99
0xB13b1dA55912A41552771FAC54c1E86fa2217eaC,3059.99
0xb16e11dBAb35049F9f61782fE2e8E6A2E9E21bBe,3059.99
0xb18eEc88a39E15Bc8c1B10064873c199112c34B3,3059.99
0xb1aA11bB98E70000AaC020045Bc011DB35097163,3059.99
0xb1B3C76d0fc04447CA3F717D226162862Edc9F33,3059.99
0xB1c06d105132E71C1BDD98d6f28596ed72fEef54,3059.99
0xB1e475E7880AF01D1e41D87233e77384f185F8Ce,3059.99
0xB21C4a02831f3Fdf72170bF4fC8f34cE225aFbBb,3059.99
0xB246960E21E6A1BB8CFe2974809981848B86BDe6,3059.99
0xB2d66FCCB018E740Fc1CC24E58E670286b30745e,3059.99
0xb34e9eA762d1C0D1B7e547D7EA1e052F26447fC8,3059.99
0xb41218Bd2B2f2F85BdcB006461A2d6cbDf733D10,3059.99
0xb448dD1c8c9343684674F39c57306790830074D2,3059.99
0xB4513117142FDba5A5e5888f612e671562AD5213,3059.99
0xB4DDb602cb662f5a9384aea927dc2caC42899AF7,3059.99
0xB4E66A835F6800F619Ca97e6c0c43f745821e424,3059.99
0xb50D558147D562E7Eb03F5eFA2073895208391d6,3059.99
0xB526D88bE2f2CD066A115627df26b7131A6A5fC9,3059.99
0xB54a10c6AEAFC01b847b65db9916f051627e5765,3059.99
0xB55B64d44fbe1CbB395964718724a6C630d569ff,3059.99
0xB55C84b981CAF55878105159704AD366e806Ed66,3059.99
0xb59Adc823c250273c8D2f7466Cc998DD43732e85,3059.99
0xB5BbbD06ee592b74cD02Fe5e9B2530f19B96bd66,3059.99
0xB5E1Da55C190FEd4bE839D68f59e6117b8561814,3059.99
0xb5FcE92aecAf5bCEc9fc621480cd0e209f8E40EE,3059.99
0xB5fFf736f425913f4F236d547120e02A58ae0977,3059.99
0xB617A388E6968501EB70C835410b8645cC5fe11F,3059.99
0xB66Dba40b85D8D2aC5A78a29dF41C8797678a6BF,3059.99
0xb68f6EE69bE8C6c94D40C1883B6b6Dc2fd1E7Df1,3059.99
0xB69B077779D5E798FCF5A303947853cd037e3688,3059.99
0xB722b5e55BC6dF52Ae9e1759981D8ceD1103102e,3059.99
0xb74e51DcbcBD4e79eC5a903d806B0251d3Ac46D0,3059.99
0xB7aD552fFE4B2fE88e575978d85406bB27bef1C9,3059.99
0xb7b60E6D19fe222952C9501423A2F90a98624cee,3059.99
0xB80be39aFd2453AD13978DE0069be1c4Afe31b16,3059.99
0xB85080547224D1b7E0B93786aa01fD5bdeeA5A79,3059.99
0xB851fFD6baa41f30f40fD06358c45537465C5bC3,3059.99
0xb85310D1E03E74A426cA48e90b3b5b69AFeC07c1,3059.99
0xB8812B3fb3eDe3056DF018C082B1Dc5B256b4f8D,3059.99
0xb89F87A9f2a56739602c13B8f38Ec0624F7cC78c,3059.99
0xb8C6427da2d881e3212d105c8cF994A89F1901cb,3059.99
0xb8DC01Dd7D68435644c03a83A34aa9BBe0bf5ef6,3059.99
0xb918BAcd320bBe5b19895325E95720dEc7b290c9,3059.99
0xB93E4b12dD91B1b4a2B8E277ae65d3783bA30a48,3059.99
0xb9A14c028Fc2D02885d8d331849358bB6822e39E,3059.99
0xB9Ed4f36048D8f6df2d682F0C244799C57B1A60f,3059.99
0xBa7c5B91AC71258102B8897E327BA3e145B1F97f,3059.99
0xBA82550fA23bE965dD9B8be44f06c8066a4C1888,3059.99
0xbabc7edb3A6A374E487fD83A09Cb66E5D942624b,3059.99
0xBAD572906aF676a2FA22Ec0744557fc363ceAd5a,3059.99
0xbb287a26502D280433Ff2E3D58B6445fF69f2a47,3059.99
0xbb8dC2B41448EfdAA2982C74e23944C458e458Ad,3059.99
0xBb908EE0f9c709A6087Bfd095862DB2B1994ed79,3059.99
0xbBC196052BB91E2f1222caFE98a81180Ce9b7DAA,3059.99
0xbc03244532257cfb711c7a2a49791db672d1706b,3059.99
0xBC32be4d2c70239b59435A5963e5024637FA193E,3059.99
0xbC5706D64E6efec05337CF49aD509cB01ea2Bc69,3059.99
0xbcfb50457b8bCE107C5067EB9fF53d94Bd29De34,3059.99
0xbd0c31D74B3282e17434D3061bE1E488bF8c1cE1,3059.99
0xBD67Ec5A7aAa6fC8573Ea4fFd2b444e9ED6118a1,3059.99
0xBdA5858F9b3A339a45367406546F9d044F8D1668,3059.99
0xBDB2A9dD9A1585e6e302867388B4F7F8090F04F9,3059.99
0xBdc3246aeE023D598d32a7aC822caF066689FDe1,3059.99
0xbdfb99E584d1298741270c69020F63Fb32d241ae,3059.99
0xBdFcb3Dd2928E1281f62Ea4637FD251Fb360aFD1,3059.99
0xbdfe64B0526f64975EA35068947A26F02F338586,3059.99
0xBE0ab413037f5D135D21f3157C55790e1c47236f,3059.99
0xbe126094250a5391fb8dda02e5acf07857ab0a4a,3059.99
0xBE64c8A2C6ee6A8EDeb4789B031525183a464881,3059.99
0xBe8cE1d377c6A34AA0bA20C13bB58022284cB4fb,3059.99
0xbe9e9eB2Cb496549Ec96a6539d93735a99949765,3059.99
0xbEE371704AFA94f63036480318A692E2642A7631,3059.99
0xBF1216047c4B0e82d431Fd44Bbd3Ffd6e22404f3,3059.99
0xBf42fb3F2967479Ce2Ec9b4E6D944eA4D6b52462,3059.99
0xBf52c266BBE2623409c301fDf44Ca08b7e668416,3059.99
0xBF7781DD4aDda69ea11b8017481a4A8B8cdB6b4E,3059.99
0xbF7c10E269ac8Ea716A26F89cc74297Aa46CccBa,3059.99
0xbf8dD99E05AC3afE01A3d0C89F1041D924dD0e30,3059.99
0xBfd0Fe82C81d2319D7a536B4126f7353Be2b1338,3059.99
0xC0204F8b71374b05905cC80139FAc0B0A6254437,3059.99
0xC04110bFC6763458372b6542c9b85B60F9450B20,3059.99
0xc0558822631B9213513891471504C013E42D580c,3059.99
0xc094Ee9B9D07ed9C9274E0776F1beE91b33ab0b2,3059.99
0xc0FEE2DAe941A009317c68E0D11adAf2E974113E,3059.99
0xC111852e00E1e95e50131F5cf4Ccfcf5a6cD9f13,3059.99
0xc19133011eC32a54Dc340eAceAb5f14a9Fcef974,3059.99
0xC218F48Ed1d4184D7e611920a784C8334AE5fA38,3059.99
0xC226c4AF21d95d8CaAf6A7b0e060adBCd51C4C24,3059.99
0xc236F4CE304B161D3A6A1BdCD8CebF08A4acD4D0,3059.99
0xc25135191B29Bf412885eDf7009E0BcAC8FBf1A1,3059.99
0xC2db0E57Db7c7DF8A98c9a083C3eC39823E0f4C7,3059.99
0xC2E1CD6F36E700537749FA6099493BFe28C13842,3059.99
0xC33aBEF682d26B1F926E80Ad0ad63Edd133Ad0eF,3059.99
0xc34D32d3edA3d19ce2f37B04DEDf44CE54Be72aD,3059.99
0xC35DE85eE19A8330b085293eb223c8B766e7A92f,3059.99
0xC370F2582b5D90F81d403007C502B17d76D55F2f,3059.99
0xC3Bf3d0cD0f8861afb9a390753812964f5eF77d5,3059.99
0xc3ce87ad1f24a6980bd12e1b73ce740386a599ca,3059.99
0xc3f2FDb4Ff5b932426eFF0feb5abc9a9565D72a6,3059.99
0xc40004A2c73B8A3AD667212802E9e295850e0E00,3059.99
0xC42E3433e610C95bf66c83ccc65FdB98248C4E32,3059.99
0xC460C545615A7eacA1ef8157614432D99B6218Be,3059.99
0xC46Bb69D7799e0d2A022e39822B6A90ceE3eB6d9,3059.99
0xc4776B8cf52d7D8278e8b4a8d28828EC5ce46317,3059.99
0xc4Bc9c5f0470043D8898B932305676E0Cdd4520A,3059.99
0xc52B167d490d9c61392151Ace078A42BC9A96BFb,3059.99
0xc5EBbc344c59a772f24fb5f7516Cf2A3620a276b,3059.99
0xC5f2A9725Debfe1c556b55AE373333D44f9A3771,3059.99
0xC61f28386062809e8F6F7Edbb544D98084c6Fd2D,3059.99
0xC62c8d7B797933402F7F4D69A8D6a9cEd75c0f0D,3059.99
0xc64964a121e5BFB9A86009F1751A4F62cE1c666E,3059.99
0xc6aB4854Dbe50814b373E42fF0A8744e18A54750,3059.99
0xc6E9B37553b2c15C58fc36bB03cA36D6df0660d8,3059.99
0xc766d5555fb1e4a802e6e7f81108ccfb8c8fc653,3059.99
0xC77cD084c0fe5e8e5CAb8A1ce688AF54Aa78c39c,3059.99
0xc7e83c280fF257b13CD341C1c52d309aFe6Dd732,3059.99
0xC8465849Ee7De2aA5ef1fab2d96C44eCEA82C72f,3059.99
0xc8860f566742ad365abac74b7a203139a116bdca,3059.99
0xc891a435B5BA4c3c434AF698B510db6fCc9f0298,3059.99
0xc8F26cA318a788a71cB776d238d07846c9Fb13B1,3059.99
0xc90B7C1500AF6B071db0d8750EaE3AA1Cb3Fd969,3059.99
0xC95c252F0a3680c57B96ec45abdFf654F08d9677,3059.99
0xc9cd1aA386e075694F7D3AaC14F6843eCBb03747,3059.99
0xCA22DCbEDAef7Cc783a00934179c2c6949aC2069,3059.99
0xCa38E418975eee5D82B622E19096088CA6d95B68,3059.99
0xCA4299204ADaA44aaf9DeF988a6937932C69D721,3059.99
0xCA47389E726461f26be472C5dedE2538Cf7E6474,3059.99
0xca49E8de951CD814F38a8f50a775751f17F74340,3059.99
0xcA8a76dce83fF4320D0fCa9120Eeb0808655c9A2,3059.99
0xcAE9f925C4C6393951C0823A4DCD8966429F456D,3059.99
0xcb0863d96E455DA95D5398ea021DCD667c7dd3ad,3059.99
0xCb8Cf80755De7eA67fB2fdC4fF9100fF34B3E474,3059.99
0xCBD1CB6377F079Fe79d7AA4E6F5F0859735BF281,3059.99
0xcc5217Ae5449a93B75B8Ba85c654D8FE81431d52,3059.99
0xCc67D99e35190200ecc0041D33bA02fD00e20386,3059.99
0xcc69E168dEa47a3d186C31130E7014d0eb0B1f97,3059.99
0xCCb17D008052a82A2581EDAD57F8a4888234AbBa,3059.99
0xcd086aB3154fA52F88c3edaF3C6fe269FB7CD43f,3059.99
0xCd19109FA913310269Eedef67fE99c96C53B182F,3059.99
0xCD2D2D458E54c87B1D6D1C8876698baB7985D4E9,3059.99
0xcd32efb79e37df4fcaa63011f040dc35eba6daa8,3059.99
0xCD5016797D18191B8505Ca5dBc4Bcbf14c823FD5,3059.99
0xCD6F44F6F3D3DCf0cab158EAa721326DcD5d7Ed1,3059.99
0xCdFcF2a783637D7Eb3931a94a9a68Ce988EFC801,3059.99
0xCe4C99Ef76081459898F014b9E1f386a51F820c1,3059.99
0xce7B3Aa8e8DF3004943e52d204D9933dFD44C077,3059.99
0xCe874c80dCC90f4152d684D94837b841ba385148,3059.99
0xcE8e0E0f5f40AF2de954ECFE2cbf0C38e30E0E73,3059.99
0xCEA2bCACcE2433BBE2b762858358bC86c2122b67,3059.99
0xCF2E02080d1fa5cb03694584D1Fd2898BEF1F29c,3059.99
0xCf63aA8fDA35847A4B8786d3C7B759F5532D9bE1,3059.99
0xCf64e7679489774b6CE22ebF6c43C1097aEb5BaE,3059.99
0xcFfe24D7Dc73e5756f4DFEf1158B8daC28eeaDd8,3059.99
0xd04DC6aB7535f696381c9cAf09ECb249a271778f,3059.99
0xD06f4167a7947C0b12901C0CB98AaE06C022D129,3059.99
0xd0AAdCFE1905b10c64E95D5095457f201a46e39C,3059.99
0xd0fEEAa9aB456F7136F8B51E22a234C5324e8064,3059.99
0xd1250dC196849BB6767DD4C615F4BDB85C6BB38e,3059.99
0xd126410D83391FcB66a5ee4619472b7438cC7F04,3059.99
0xD12cEb2822e22C574ae2633b5217E5a4658a72CC,3059.99
0xd13f7A4818a74AA51Fa96BD595884a1807dd11BF,3059.99
0xd14539A77C0F6159225e829Ca507C221fA990611,3059.99
0xd1BF0Ba448C5502b8C1861144B3d6FE12657fCFa,3059.99
0xD203954CC7B096BBd24eec987522790B5B99ce98,3059.99
0xD21c6605C1A865C5055d6252Da485F715d204A1A,3059.99
0xD2309fC60752F0bC9B06386C82E5735f301d3B32,3059.99
0xd25d5e97a55bf6100be0ab296d23a0e12fe7185b,3059.99
0xD2BEb20d23868CdF4f1bc4d4C2Dc6EEB19e9F826,3059.99
0xd2fC7dE26E738BaA1AAF925eef904eE2EDD591af,3059.99
0xD363d61A86782dCa0d6101065882b42EF95A6c94,3059.99
0xd36C1a15a4b020e0831E271E3ce0D6A3c0ab5F78,3059.99
0xd3905281EA9D929A3510947a81Ae1631a1a7d873,3059.99
0xD39579C285a076Dee8aAb4158a3b1eF0c2e9A825,3059.99
0xD3dA92a72747DfB6deeB1D3fF68EAFc8dE77380d,3059.99
0xd4002e2ACd3C982e9274Bbd52F008c7C7eF03c6B,3059.99
0xd47f59ed8d4e889363a79a56fedf64223609e29f,3059.99
0xD4906338541e4BC3C0483daFa1963DEB64916991,3059.99
0xD4B3bf974dd45187FFa83Cb88E25524839094DF1,3059.99
0xd4E50bb1b61B70671b454aB1eb2850DEA6EEb5A2,3059.99
0xd4Ed9ECC531e2E2e6857bb6B4736C15425173808,3059.99
0xD5273d82B84Ba85b33363f98C35c00a2e1A63ab9,3059.99
0xd56636bB023a4060bb8D490614D4D509665A0Cd8,3059.99
0xd593ab5C4334804319157166Ab3E72Ef45f399aa,3059.99
0xD595A1E79C9AFFfB10C791824b5dAFff952284c2,3059.99
0xd5d7Ce3B456b10aEa850AE2C27E9b90F7a82c76f,3059.99
0xd619bBAa60d9eF9f7b2e4f6e4e1aCaaA2E7Ef0BD,3059.99
0xd61C1D406c39235aDFe8b2CA503548724FBA9976,3059.99
0xd62D9068C43F582720e8dd39b66C9834a238E226,3059.99
0xD62eb3de6C73937148020A95F6359282816AF938,3059.99
0xD63043c81cdBB3A05dbb051eFbDb55eE217Dd3D7,3059.99
0xd6334eF2c7C6D3212Cd2848a82Ab32452812B8b3,3059.99
0xD683f3469612fC68c0e116cBf05D4Dee4F297DCF,3059.99
0xd68bcda954af7e5A0Ef03bb68e39A618B43e5BbD,3059.99
0xd740e141ffe2ea7182bfb273acf4fff6940b5cfa,3059.99
0xD7b30d0EbC9CEa5d6B595F6e78e8d5d3b661b0B6,3059.99
0xd7D27aaD98101227b52d76BFBe5250559770fca3,3059.99
0xd7DF07C68F94970949556FAeF6dD293390C9efdD,3059.99
0xD7fa3480832D11794794ebE95724A965AA4d1611,3059.99
0xD7FA6735Bdd25E96F36FBD20A0154986304fC714,3059.99
0xd801ff81FA58AE6dca1bf599cE824BFe445168fd,3059.99
0xd84D2E392Ca6b993f98bF48e53A722c1B57dC66b,3059.99
0xD84ee8Ff40A9849464FDCAaC1a520711a365Ac5d,3059.99
0xD879DDb9A4d050C4BC499E137b63e059284c6F8A,3059.99
0xD883c20c47d432aa433f0F787855d999F017B13D,3059.99
0xd8B408bA2c3605d3F829C058007e1F51E2D03D88,3059.99
0xd906b3592Efec5DC3D50105F61A65afe1aD0cDd4,3059.99
0xD91e1d352e219Be05a1F4a69846cA359EF21D09a,3059.99
0xd98b43ad88393C7f2b6f3d0f2374c7ed0539bb53,3059.99
0xdA206338781591B599855304Ee051791078aCEdf,3059.99
0xDa29456Ae88111846E6Dc232CFAe7F6a1649Db2D,3059.99
0xDA3A0E8219869aEbEDb2Cd51d939c272e1789152,3059.99
0xDa3e593799a53412454AC81f93df2BE74bfc3D2A,3059.99
0xDa3e8DC528fb22EB0c6e4f30a994D5F7c85DA811,3059.99
0xdA4881CB10E1E1dDe5645EeccD7CA717F125E122,3059.99
0xdaD851b1dCf15Eb30E3e41610C4d9def19854108,3059.99
0xDAdB576fF329e8526F77B53cc83bE98bFCa4B747,3059.99
0xdb41Dd9394007D42458F2a7cd27D2f50f7745C95,3059.99
0xDb6ee33Fe10ACc2bdEA5bBB0209731fE2bc4f68a,3059.99
0xdb862087424f597ccf5b2acf34dd30e3e6327e17,3059.99
0xdbA7B3d94c60345acf242e6ED184BbB0f7DBbB71,3059.99
0xDBFC765d5e9e73D4381caF9E40E91427B85c4073,3059.99
0xDbfe7f722d251B1c2a2F5418AcBEEDc4998e0d60,3059.99
0xdC06D8EaA3dC6C68a447849EDF0897E469386E67,3059.99
0xdc17261c0fb7930f2cca86fd3c3763cef48b81b8,3059.99
0xdC4b871756c892afbb9C9A2aE7cDf38bBD2f25B8,3059.99
0xdC4BD8E02bF5F05Bc7C5A439aef1f99226C1Ff39,3059.99
0xdC6AD46f7b6d2166e45090BCfBAD291838a6857f,3059.99
0xDcb00Ab80E43Ea6d20b36BC666B59102526C0A56,3059.99
0xdCbf7070f0e91b7d764Fd9ec66CaD74c37F3117A,3059.99
0xdcD1cd58bCf9e5C7852eAbB31a241369Fe20B607,3059.99
0xDD08f0130ed61D8494d9A725ef2f27cEC37020F7,3059.99
0xdD152520DcEBDe2Fd2a8cb0457662f4Fae6562BA,3059.99
0xDd23cBE08CcA5c8ea71fb8a2D7222C06B81Fc5f6,3059.99
0xdD2c9Cc09CDe82D7419a35F6395159a47087D3D0,3059.99
0xdD7530a4eE4DdBb4D4a7770d8f293dC148F5D0db,3059.99
0xDDb4Ad74f4ac8F0472B991a60Cb7B6fE0b22ad0C,3059.99
0xddE7A630720496791b49dC2B5C96a77C55cdDCaF,3059.99
0xDdFe1c791b39029468A21C526A99245F523218EB,3059.99
0xde223682E0440b2B64423d3e34c8eb45cF843286,3059.99
0xdE3151BcfC730F230aC67c6359ea622bfaC7D341,3059.99
0xdE5B897275D1dF603C140204B9071c67fDC6f464,3059.99
0xDe5C7dEa192B88360F990eBd14cDF48740504C47,3059.99
0xde916ABe40998CD479625F9Fa08c49FD7687F176,3059.99
0xde97748f51F9d502Ce1A3Ad0bD1f71727e5e888A,3059.99
0xdEe0bEF8adDADAb529bA9D2D5a525aB1A80AA9d1,3059.99
0xDee0D7Cab100cc7A645151e47B17ae185248a3bF,3059.99
0xdEe2EDeB6A428f5f1693B663BF8f05e4dC65DEdB,3059.99
0xdF1CAEa66eE29803450d5A73cf7ba0b3d6F13733,3059.99
0xDFa65487281D0d55F3786c1c00cBf680d573C85A,3059.99
0xdfaD577C6ff8F3CB5781aB4Df79bb4e1990A0a43,3059.99
0xDFF2a8d6bB53fD108702CB3Fe1394E721be54d4E,3059.99
0xe00922c71949a32651efaa5a5b8793b63f76f754,3059.99
0xE04bb0bbF7151D9D17DfBEBDAAaBed4a4377AE05,3059.99
0xe06D27492cAA6fbd147BD62BAF3f028D506f99d8,3059.99
0xe0c1fBb4F0D935C7059aA4E21eE51aac408CF1E3,3059.99
0xe0D8421337707e423fDD0821dB38F4BB0c272B5F,3059.99
0xe1048A05E7D532f20Bf385bebf24C8EA362Ff8B7,3059.99
0xe1931F0e460d95E6AedE02b97bd1139bdA7Fd885,3059.99
0xE1B663646feC34fc39F9b85FFe50b07f9aCd201b,3059.99
0xE1CD9f3DF47886855b7b8Ad3AE0017ecE9a045e7,3059.99
0xe29F08e486faA86573EF267A0Dc0b20a49374A40,3059.99
0xe2Eb92E8f90A223586B6C2260F871f56029938Ef,3059.99
0xe3170bdcef8014aa306a18cd741dc9a6222104e6,3059.99
0xe31c5B43fdFE566EcF46857d220A50D68be564DF,3059.99
0xe342aA98EF275791C4Df2b71F2e9F2DDb409A777,3059.99
0xe379D4EDc11D0679ABe3c77A84b9AC22a74ae816,3059.99
0xe3d37bC7F0451DaF64D85268B52563d0C337392C,3059.99
0xE3EB21d59a0A75E1eA78156C425CF07c4361bf30,3059.99
0xe3Ec374Ba46BbED2dBb4e09ea88960120DB6Df55,3059.99
0xe4BB30bef0CCD8FB166Ef3E74De432D888bD0b7C,3059.99
0xe4db55B95723bF9B8379FcbBdD879AE4eA203cCb,3059.99
0xE5120d8B058F9B4041AFa657c683D15147C20F38,3059.99
0xE527FF24F9f972b68990ff6adA4B5c9f71E42dfF,3059.99
0xE53AdE7D9a62ADC6e5ec926272D508CE8729f056,3059.99
0xe61B27fE1220aECBa435d937CC43385486A3f5E8,3059.99
0xe62dfd4580D41f99bd3E8530621E6585C5517828,3059.99
0xe6A94dD360a9339b2D1057eae3572FdD8e833763,3059.99
0xE6b19BbB24ba2FEeC9d56E741A1E61355FD231E6,3059.99
0xE6B28c7ab92F4C183379E0ECb80f223DeAc464E1,3059.99
0xe6D673ad7297f263cE5F4813aef64120e4da9a80,3059.99
0xE6Ec906B047Cfd5566dDA35B76d3Aa11066a7F0C,3059.99
0xe75C9B1Eb8d1B49861431c7A673928ad1c858fA4,3059.99
0xe760954bEE9892fdcD853056a3C7EC8E8728902f,3059.99
0xe76e853A97A9E1bfB7e215e633E11B5B0A432764,3059.99
0xE7b06b6D5c6495336b1E2BEf520c4D235A3Bc4d2,3059.99
0xE7C05612B79684221187162313408c0788427a13,3059.99
0xE7d81709101D440D1Eb438B7D97292BBB535e02D,3059.99
0xE88F0054BE9EBcc84fF488Cc88F4b3845ccc2E66,3059.99
0xE8C33126192cc3a2ce26fbB365719eE063C79B20,3059.99
0xE8D0748c474eB424eC10177a6F10eb341ecF65DA,3059.99
0xE907D06F5E88D4923Fb36eA77aACeab4C612836f,3059.99
0xe90CC07e68ca08a22c144E20061Acd0D02fB3b2A,3059.99
0xe947A18369836eEFf0B5EdF3b5B383bc65d3ab35,3059.99
0xE95073c66c2cB70d717B7425920CD4309523b53D,3059.99
0xe97D53d568A89E8aCcAF47337DB87dB9c56286C2,3059.99
0xE97F557C7991ed5290234b3225254d12df62732d,3059.99
0xE99000B8904C5EBd5c9DF55E7ae56dc472ba1C37,3059.99
0xe996e7f01e975037470a2ab093d9335bfffdc88e,3059.99
0xE9b1E78CacC324973330B960550753102AE229E6,3059.99
0xea6B52469a6903634502F10083a0926A3C1a922B,3059.99
0xea785809CE6f33AAc54b870B537bAa35a5896fDf,3059.99
0xeA7aF833A894c6DE7d6f60568CAAED39932Eb18b,3059.99
0xEb47D0E11453730B91244Bed538f30a0f8d47602,3059.99
0xEBbDfB130a95ae7315469555a52d65c1C974A607,3059.99
0xebdD4ff1ED5a5efef7b6632050575Ea6Bdf633f0,3059.99
0xebF113D336F3Ce72EC57585c81F3572F4289E757,3059.99
0xEc08d69B6F66DC591421D5a5f0E4CF4A4Ae2f5C1,3059.99
0xEC200aa586F8c31F699871C46516C10DA432E3BB,3059.99
0xEc2D5C2FAb7d15af027e681085F290dfe815077a,3059.99
0xec51ef3a781D2f32A3a42Bbc49DFEB7A79A871Dc,3059.99
0xEc5e3092122D4016D6BC0d7202711405CCCB06cf,3059.99
0xec6e0f8760e2201d2ac4400782f75cc2e3b43540,3059.99
0xEcAb7178c118Ee4A664420F510253511539F07A5,3059.99
0xeCD07e1824f7E6363C14c34CBe6745025DA08dda,3059.99
0xeD26B14762eDcE1d38e17b94afBb810a441C08e4,3059.99
0xED39de4ef4d25492Ee39BC4eB5fF25D76CD779a3,3059.99
0xeD5dcdFD207Fc473e6942eC15c52BAA9BdCF0E9d,3059.99
0xEDD4f334fa4c1F409F47ee432f562705112986D4,3059.99
0xeDD815A5FB27191A2D07F9773CA9eE96B89d55F6,3059.99
0xeE2A0B5eFca72ca088cE582a63b974A986873183,3059.99
0xeE39F76395b76470B84A6135883e3c1Bab5B5358,3059.99
0xEe78697017c5Cf0A648afB30Da8f271481bf5C9b,3059.99
0xEeA51b791E76F5808CD2E1F82b77b58E6Ab421A7,3059.99
0xEea92B819a9E00893F87B27e91A7fbB21EE8d90B,3059.99
0xEeCA60Db44690a1244fdd559FCF208DD803cA7E3,3059.99
0xEEd630aa1BF34F943C6c1C5Fa1c29f3Bc70Dab38,3059.99
0xEf1f0eB0e231c08cc013a6DC510367341C1B5AE9,3059.99
0xEf515e6AC9E03BD62239A063cA9f474cB5b2Fc66,3059.99
0xEF71A6bDdF3Da91D64428A94b4f270B6a593F614,3059.99
0xEfa324c6B378AE627e79df43dF764DFCBb525e85,3059.99
0xefb2138b183118c168584365d9326a7dbba3f40c,3059.99
0xEfD2d235271788448005E99c6331f03772206D24,3059.99
0xf021EFfe2C948665876d3A5e466Fc9232820D17c,3059.99
0xF03454b6FED364F18099088ad31B75c4CCf13C03,3059.99
0xF077Ab4140FCaA531eCFFD9Ee76D309A73717F69,3059.99
0xf07e0Cad7b23e9a1430F3C1A3b79909bFA961f10,3059.99
0xf14Fe180D36e0BF096e61F19510edb289E0da09f,3059.99
0xF15465fa64177D9c2EeCaCdb64F3272f247C2cdb,3059.99
0xf167502093D1de1810156707E1542e78807A35aE,3059.99
0xF1846da8bE8714fd14CC27a52eA22ffbAef54a02,3059.99
0xF253833923c4fb0c79cF66ba5e7C06bE2A2ab086,3059.99
0xF25Af5572b696C979FE5AB8F5837F2D79c7aDB73,3059.99
0xf26Cf020ace37070a02105795672D0B3ECe7dA1e,3059.99
0xF2aa31FfE442E2d11EB993c4B01F098C8E96160D,3059.99
0xF2DC1e138295bca84d057Df63b09B91a6b3239f2,3059.99
0xf31E27c79C81e1E7e091205Dd3c9135d54934AAb,3059.99
0xf348b733DAA2e1CdA395F4f3c82d81086feEDf71,3059.99
0xf34c97C4091d1561f42818f4ED4E30AAa10c9fd3,3059.99
0xf3b314D2874780c3fb36C5381E369De1d027426F,3059.99
0xF3b8ad12804F956aABfD65cDd77467A88066852D,3059.99
0xF4298E888575e755E37a324518D8eeA9CF2cB35a,3059.99
0xf4b82b378caa106f0dfb0a575aee6863f906fa1a,3059.99
0xf4c595F1cB15019f32a173554163824Dca94e4A1,3059.99
0xF4F96bc185180a87002E78FB272b8FD838a135e9,3059.99
0xF503c004c1628B64B2a9F93FF5A174b7Fd11cca3,3059.99
0xF511470999e3F45550b886a3b483cDE0AD1B7201,3059.99
0xf511641FE039df48d45Cb8AcDfa0c5BE5024626E,3059.99
0xF5337db2475bbb639CfF77EA418f26aB45e628ca,3059.99
0xf58267E4c78e4E226ED10bbaB68990EeF7b83CC6,3059.99
0xf5BB3fDD82f0aAA9BD98b9d95Ba60ce7DFF40611,3059.99
0xF5EC40B76e6C287A15d00CABba39F094AFb3391a,3059.99
0xf64A4F7522303524ffdA638d21ef05E321BC2f15,3059.99
0xF66528379b57A91369BB55acE1b5714a252EFEc2,3059.99
0xf694e8122B9D69eB9b786EdE9C96c375C15635df,3059.99
0xf6CE0C52d1C401C85dFd9Bcd7F90d90EF9bE2FDD,3059.99
0xf70b480EC08029Cc4DBFf539fb291dd7A80D70bA,3059.99
0xf726102Ac52CcDe2F582c70517b07745751e6105,3059.99
0xf7Ae48708E22b7EA2f0d1BD71b1BD92a55d5E9eD,3059.99
0xf7cd1836e41B705C05f614f20b38F98e5CD1CeBb,3059.99
0xF8195A7c85679347037057d2fC63799e2A6D61a3,3059.99
0xF8399bbA52Bb76683a8236Bb7C52119eF5E14328,3059.99
0xF83A610ddFe4031E1368aEff6cb0d9FA10cD61E8,3059.99
0xF8520063fb024970596Aa3F615b4309288f28F8d,3059.99
0xF8B34fE72E52f04070F8C01F0B5C2835AC3c7A1B,3059.99
0xF8b67Cb149Daa87998ac0FC42a6861945B985aed,3059.99
0xf8e8af61d543899f3830d9274746d91402262a38,3059.99
0xF8fa2A1F9c5EC720Dd6839E43C4a9F1e0b547Eb9,3059.99
0xF91d05c64a7c58F1B3697f825ad10E15c08CdC01,3059.99
0xF921Bd77E005c39453343aF36Fbc08bB5c4C5A37,3059.99
0xF946e88ABbd51840a698EF1979386925482fEfb6,3059.99
0xF971eab24b77c0e2d7B7AA9312cd94305E156c7e,3059.99
0xFA02FAd2e429bf4f9fb66B9f5C97be5100422569,3059.99
0xFA0c54241c8762a7aE66Dc32c9Fa683DAeCCe840,3059.99
0xFA2666D92445A5d4DE12D746e902a2CEa74d331f,3059.99
0xFa4dDfE01A78FaA9971314f7478E5856eAB0cFCE,3059.99
0xFA5c239b4e1D3f8D823fB65Aa5F4c67F93671A5B,3059.99
0xFAC52474294Fe5417e0ea4f68aA3ca9017975a54,3059.99
0xFad33f3c4c3804fA90188Fd1B27db6482c88c479,3059.99
0xFAd825f03136a499749A167ca3b77A113DBdA1BE,3059.99
0xfb2A3dEf4260aD296D7e245c21412e2e0ADE4DA6,3059.99
0xfB32A54Cf092Bed852A095E25B883B75fAe23dAD,3059.99
0xfB428001B84380dac460Aa422ec4D47BffECA25a,3059.99
0xfB5A90315B151C666E9Bd98416448FA6021bB61D,3059.99
0xFbc6249dB6ea7e5761C129D8A795320c69e04B11,3059.99
0xfbcf5cFd457051c226523504435EbebE08554e67,3059.99
0xFbE4205a2F10a622f0F3E9a54756C8651c2D674C,3059.99
0xfc1840285f6e97b5aefb65e2bd93c0a974045099,3059.99
0xFC38699d721Ad5574A292CcaeE5C01dA2a4A28af,3059.99
0xfc61d2101D2E9903D0d140059850BE7347eE942f,3059.99
0xfcB2d0a0be50a9467fB1226dFa9df4724Fdb881d,3059.99
0xfD0738c9b02D88FDB8741c646b7C836DDE599f11,3059.99
0xfd307135CA93E383158e87C99ce03C68071D97D5,3059.99
0xfD69fb9fBA0D8CC2f0F4D1a2F2037D25820110CB,3059.99
0xfd97827eCED33d65aED320E4a556716a93D710fd,3059.99
0xFda741Ac6afCe2820618A40D6ac81F51BC9aD835,3059.99
0xFdC66a983ee5C822C2Fb71fFb22e8fd017630ba9,3059.99
0xFDcd4984cc98015E75440F7B144Fa6C1ea946898,3059.99
0xFE0d823cC7137f911a76b9C8D432B4A092D91aDF,3059.99
0xFe3cE0568b9c226402E017E5aaEb1B2b6BCf4099,3059.99
0xfe3D1094c7c0138E1b4B7832bAD0933A19442505,3059.99
0xfE8Ef0f1643D38020DAd59945E203bDB4418C320,3059.99
0xfef8c288ef5b0d2dad7b392b46fc4a0c170fea91,3059.99
0xFf0CD07efAF21ACCCc072504afc9be5E0B36b963,3059.99
0xff2a98b3283926ae3757093a7a89294bf56e5ad7,3059.99
0xFF3E334cC4C9Ca59a348CBdadcdBEe3b1585054A,3059.99
0xFF5186E1857889004dC45ccbFdd4888d58e66D41,3059.99
0xfF7A753120e9d9499bcDE920cF44c870eB2A8E34,3059.99
0xffAd4836B73A1CE5D86230e98Cb3E52cde35379e,3059.99
0x1a40B36A8688eFB152D8CC66c46e1FA52A698B0c,3059.99
0x8A672715e042f6e9d9B25C2ce9F84210e8206EF1,3059.99
0xA63Aa0131f57d5e20D3C5933cC2f2A57c26141dA,3059.99
0x5407673F8D2C68331a8030C761847a525a0CaA3a,3059.99
0x1b2650Cb47D150f17cCA91665f5D1463FF62D366,3059.99